{
    "nodelist": [
        [
            {
                "layerid": 0,
                "nodeid": 0,
                "name": "09004A11",
                "ip": "10.210.104.5",
                "type": "PTN 6900-8A",
                "neighborids": [
                    1,
                    2
                ]
            }
        ],
        [
            {
                "layerid": 1,
                "nodeid": 1,
                "name": "09004A12",
                "ip": "10.210.104.6",
                "type": "PTN 6900-8A",
                "neighborids": [
                    0,
                    3
                ]
            },
            {
                "layerid": 1,
                "nodeid": 2,
                "name": "09001A12",
                "ip": "10.210.101.6",
                "type": "PTN 6900-8A",
                "neighborids": [
                    4,
                    0
                ]
            }
        ],
        [
            {
                "layerid": 2,
                "nodeid": 3,
                "name": "09003A11",
                "ip": "10.210.103.5",
                "type": "PTN 6900-8A",
                "neighborids": [
                    1
                ]
            },
            {
                "layerid": 2,
                "nodeid": 4,
                "name": "09001A11",
                "ip": "10.210.101.5",
                "type": "PTN 6900-8A",
                "neighborids": [
                    2
                ]
            }
        ]
    ],
    "connectionlist": [
        {
            "connectionid": 1,
            "startnodeid": 0,
            "endnodeid": 1,
            "description": "09004A11-ce4/0/1_To_09004A12-ce4/0/1 -- 09004A12-ce4/0/1_To_09004A11-ce4/0/1",
            "bandwidth": "100G - 100G",
            "duplexity": "Full-dpx",
            "media": "fiber - fiber",
            "subnet": "",
            "other_1": "",
            "other_2": "",
            "other_3": "",
            "other_4": "",
            "other_5": "",
            "other_6": "",
            "other_7": "",
            "other_8": "",
            "other_9": "",
            "other_10": ""
        },
        {
            "connectionid": 8,
            "startnodeid": 0,
            "endnodeid": 2,
            "description": "09001A12-ce7/1/0_To_09004A11-ce7/1/0 -- 09001A12-ce7/1/0_To_09004A11-ce7/1/0",
            "bandwidth": "100G - 100G",
            "duplexity": "Full-dpx",
            "media": "fiber - fiber",
            "subnet": "",
            "other_1": "",
            "other_2": "",
            "other_3": "",
            "other_4": "",
            "other_5": "",
            "other_6": "",
            "other_7": "",
            "other_8": "",
            "other_9": "",
            "other_10": ""
        },
        {
            "connectionid": 4,
            "startnodeid": 0,
            "endnodeid": 1,
            "description": "09004A11-Eth-Trunk1_To_09004A12-Eth-Trunk1 -- 09004A12-Eth-Trunk1_To_09004A11-Eth-Trunk1",
            "bandwidth": "120Gbps - 120Gbps",
            "duplexity": "Dup?",
            "media": "",
            "subnet": "10.218.0.24/30",
            "other_1": "",
            "other_2": "",
            "other_3": "",
            "other_4": "",
            "other_5": "",
            "other_6": "",
            "other_7": "",
            "other_8": "",
            "other_9": "",
            "other_10": ""
        },
        {
            "connectionid": 11,
            "startnodeid": 0,
            "endnodeid": 2,
            "description": "09004A11-Eth-Trunk2_To_09001A12-Eth-Trunk2 -- 09001A12-Eth-Trunk2_To_09004A11-Eth-Trunk2",
            "bandwidth": "120Gbps - 120Gbps",
            "duplexity": "Dup?",
            "media": "",
            "subnet": "10.218.0.28/30",
            "other_1": "",
            "other_2": "",
            "other_3": "",
            "other_4": "",
            "other_5": "",
            "other_6": "",
            "other_7": "",
            "other_8": "",
            "other_9": "",
            "other_10": ""
        },
        {
            "connectionid": 2,
            "startnodeid": 0,
            "endnodeid": 1,
            "description": "09004A11-xe2/0/0_To_09004A12-xe2/0/0 -- 09004A12-xe2/0/0_To_09004A11-xe2/0/0",
            "bandwidth": "10G - 10G",
            "duplexity": "Full-dpx",
            "media": "fiber - fiber",
            "subnet": "",
            "other_1": "",
            "other_2": "",
            "other_3": "",
            "other_4": "",
            "other_5": "",
            "other_6": "",
            "other_7": "",
            "other_8": "",
            "other_9": "",
            "other_10": ""
        },
        {
            "connectionid": 3,
            "startnodeid": 0,
            "endnodeid": 1,
            "description": "09004A11-xe2/0/1_To_09004A12-xe2/0/1 -- 09004A12-xe2/0/1_To_09004A11-xe2/0/1",
            "bandwidth": "10G - 10G",
            "duplexity": "Full-dpx",
            "media": "fiber - fiber",
            "subnet": "",
            "other_1": "",
            "other_2": "",
            "other_3": "",
            "other_4": "",
            "other_5": "",
            "other_6": "",
            "other_7": "",
            "other_8": "",
            "other_9": "",
            "other_10": ""
        },
        {
            "connectionid": 9,
            "startnodeid": 0,
            "endnodeid": 2,
            "description": "09004A11-xe3/0/0_To_09001A12-xe3/0/0 -- 09001A12-xe3/0/0_To_09004A11-xe3/0/0",
            "bandwidth": "10G - 10G",
            "duplexity": "Full-dpx",
            "media": "fiber - fiber",
            "subnet": "",
            "other_1": "",
            "other_2": "",
            "other_3": "",
            "other_4": "",
            "other_5": "",
            "other_6": "",
            "other_7": "",
            "other_8": "",
            "other_9": "",
            "other_10": ""
        },
        {
            "connectionid": 10,
            "startnodeid": 0,
            "endnodeid": 2,
            "description": "09004A11-xe3/0/1_To_09001A12-xe3/0/1 -- 09001A12-xe3/0/1_To_09004A11-xe3/0/1",
            "bandwidth": "10G - 10G",
            "duplexity": "Full-dpx",
            "media": "fiber - fiber",
            "subnet": "",
            "other_1": "",
            "other_2": "",
            "other_3": "",
            "other_4": "",
            "other_5": "",
            "other_6": "",
            "other_7": "",
            "other_8": "",
            "other_9": "",
            "other_10": ""
        }
    ],
    "portlist": [
        {
            "connectionid": 1,
            "portid": "P1",
            "parentnodeid": 0,
            "portaggregation": "",
            "portadminstatus": "UP",
            "portstatus": "UP",
            "portposition": "E",
            "portdescription": "09004A11-ce4/0/1_To_09004A12-ce4/0/1",
            "portdata": "100GE4/0/1",
            "portip": "",
            "portmac": "9c52-f84d-dbb0",
            "portvlan": "",
            "neinodeid": 1,
            "other_1": "",
            "other_2": "",
            "other_3": "",
            "other_4": "",
            "other_5": "",
            "other_6": "",
            "other_7": "",
            "other_8": "",
            "other_9": "",
            "other_10": ""
        },
        {
            "connectionid": 8,
            "portid": "P5",
            "parentnodeid": 0,
            "portaggregation": "",
            "portadminstatus": "UP",
            "portstatus": "UP",
            "portposition": "E",
            "portdescription": "09001A12-ce7/1/0_To_09004A11-ce7/1/0",
            "portdata": "100GE7/1/0",
            "portip": "",
            "portmac": "f898-ef9e-1870",
            "portvlan": "",
            "neinodeid": 2,
            "other_1": "",
            "other_2": "",
            "other_3": "",
            "other_4": "",
            "other_5": "",
            "other_6": "",
            "other_7": "",
            "other_8": "",
            "other_9": "",
            "other_10": ""
        },
        {
            "connectionid": 4,
            "portid": "P4",
            "parentnodeid": 0,
            "portaggregation": "100GE4/0/1 GigabitEthernet2/0/0 GigabitEthernet2/0/1",
            "portadminstatus": "UP",
            "portstatus": "UP",
            "portposition": "E",
            "portdescription": "09004A11-Eth-Trunk1_To_09004A12-Eth-Trunk1",
            "portdata": "Eth-Trunk1",
            "portip": "10.218.0.25/30",
            "portmac": "3c78-435c-c401",
            "portvlan": "",
            "neinodeid": 1,
            "other_1": "",
            "other_2": "",
            "other_3": "",
            "other_4": "",
            "other_5": "",
            "other_6": "",
            "other_7": "",
            "other_8": "",
            "other_9": "",
            "other_10": ""
        },
        {
            "connectionid": 11,
            "portid": "P3",
            "parentnodeid": 0,
            "portaggregation": "100GE7/1/0 GigabitEthernet3/0/0 GigabitEthernet3/0/1",
            "portadminstatus": "UP",
            "portstatus": "UP",
            "portposition": "E",
            "portdescription": "09004A11-Eth-Trunk2_To_09001A12-Eth-Trunk2",
            "portdata": "Eth-Trunk2",
            "portip": "10.218.0.30/30",
            "portmac": "3c78-435c-c401",
            "portvlan": "",
            "neinodeid": 2,
            "other_1": "",
            "other_2": "",
            "other_3": "",
            "other_4": "",
            "other_5": "",
            "other_6": "",
            "other_7": "",
            "other_8": "",
            "other_9": "",
            "other_10": ""
        },
        {
            "connectionid": 2,
            "portid": "P1",
            "parentnodeid": 0,
            "portaggregation": "",
            "portadminstatus": "UP",
            "portstatus": "UP",
            "portposition": "N",
            "portdescription": "09004A11-xe2/0/0_To_09004A12-xe2/0/0",
            "portdata": "GigabitEthernet2/0/0",
            "portip": "",
            "portmac": "3ce8-24ce-4e17",
            "portvlan": "",
            "neinodeid": 1,
            "other_1": "",
            "other_2": "",
            "other_3": "",
            "other_4": "",
            "other_5": "",
            "other_6": "",
            "other_7": "",
            "other_8": "",
            "other_9": "",
            "other_10": ""
        },
        {
            "connectionid": 3,
            "portid": "P4",
            "parentnodeid": 0,
            "portaggregation": "",
            "portadminstatus": "UP",
            "portstatus": "UP",
            "portposition": "N",
            "portdescription": "09004A11-xe2/0/1_To_09004A12-xe2/0/1",
            "portdata": "GigabitEthernet2/0/1",
            "portip": "",
            "portmac": "3ce8-24ce-4e18",
            "portvlan": "",
            "neinodeid": 1,
            "other_1": "",
            "other_2": "",
            "other_3": "",
            "other_4": "",
            "other_5": "",
            "other_6": "",
            "other_7": "",
            "other_8": "",
            "other_9": "",
            "other_10": ""
        },
        {
            "connectionid": 9,
            "portid": "P1",
            "parentnodeid": 0,
            "portaggregation": "",
            "portadminstatus": "UP",
            "portstatus": "UP",
            "portposition": "S",
            "portdescription": "09004A11-xe3/0/0_To_09001A12-xe3/0/0",
            "portdata": "GigabitEthernet3/0/0",
            "portip": "",
            "portmac": "f898-efa3-f433",
            "portvlan": "",
            "neinodeid": 2,
            "other_1": "",
            "other_2": "",
            "other_3": "",
            "other_4": "",
            "other_5": "",
            "other_6": "",
            "other_7": "",
            "other_8": "",
            "other_9": "",
            "other_10": ""
        },
        {
            "connectionid": 10,
            "portid": "P5",
            "parentnodeid": 0,
            "portaggregation": "",
            "portadminstatus": "UP",
            "portstatus": "UP",
            "portposition": "S",
            "portdescription": "09004A11-xe3/0/1_To_09001A12-xe3/0/1",
            "portdata": "GigabitEthernet3/0/1",
            "portip": "",
            "portmac": "f898-efa3-f434",
            "portvlan": "",
            "neinodeid": 2,
            "other_1": "",
            "other_2": "",
            "other_3": "",
            "other_4": "",
            "other_5": "",
            "other_6": "",
            "other_7": "",
            "other_8": "",
            "other_9": "",
            "other_10": ""
        },
        {
            "connectionid": 1,
            "portid": "P1",
            "parentnodeid": 1,
            "portaggregation": "",
            "portadminstatus": "UP",
            "portstatus": "UP",
            "portposition": "W",
            "portdescription": "09004A12-ce4/0/1_To_09004A11-ce4/0/1",
            "portdata": "100GE4/0/1",
            "portip": "",
            "portmac": "9c52-f84d-dc57",
            "portvlan": "",
            "neinodeid": 0,
            "other_1": "",
            "other_2": "",
            "other_3": "",
            "other_4": "",
            "other_5": "",
            "other_6": "",
            "other_7": "",
            "other_8": "",
            "other_9": "",
            "other_10": ""
        },
        {
            "connectionid": 4,
            "portid": "P5",
            "parentnodeid": 1,
            "portaggregation": "100GE4/0/1 GigabitEthernet2/0/0 GigabitEthernet2/0/1",
            "portadminstatus": "UP",
            "portstatus": "UP",
            "portposition": "S",
            "portdescription": "09004A12-Eth-Trunk1_To_09004A11-Eth-Trunk1",
            "portdata": "Eth-Trunk1",
            "portip": "10.218.0.26/30",
            "portmac": "3c78-4328-a68e",
            "portvlan": "",
            "neinodeid": 0,
            "other_1": "",
            "other_2": "",
            "other_3": "",
            "other_4": "",
            "other_5": "",
            "other_6": "",
            "other_7": "",
            "other_8": "",
            "other_9": "",
            "other_10": ""
        },
        {
            "connectionid": 2,
            "portid": "P4",
            "parentnodeid": 1,
            "portaggregation": "",
            "portadminstatus": "UP",
            "portstatus": "UP",
            "portposition": "W",
            "portdescription": "09004A12-xe2/0/0_To_09004A11-xe2/0/0",
            "portdata": "GigabitEthernet2/0/0",
            "portip": "",
            "portmac": "f898-efa3-f431",
            "portvlan": "",
            "neinodeid": 0,
            "other_1": "",
            "other_2": "",
            "other_3": "",
            "other_4": "",
            "other_5": "",
            "other_6": "",
            "other_7": "",
            "other_8": "",
            "other_9": "",
            "other_10": ""
        },
        {
            "connectionid": 3,
            "portid": "P5",
            "parentnodeid": 1,
            "portaggregation": "",
            "portadminstatus": "UP",
            "portstatus": "UP",
            "portposition": "W",
            "portdescription": "09004A12-xe2/0/1_To_09004A11-xe2/0/1",
            "portdata": "GigabitEthernet2/0/1",
            "portip": "",
            "portmac": "f898-efa3-f432",
            "portvlan": "",
            "neinodeid": 0,
            "other_1": "",
            "other_2": "",
            "other_3": "",
            "other_4": "",
            "other_5": "",
            "other_6": "",
            "other_7": "",
            "other_8": "",
            "other_9": "",
            "other_10": ""
        },
        {
            "connectionid": 8,
            "portid": "P1",
            "parentnodeid": 2,
            "portaggregation": "",
            "portadminstatus": "UP",
            "portstatus": "UP",
            "portposition": "W",
            "portdescription": "09001A12-ce7/1/0_To_09004A11-ce7/1/0",
            "portdata": "100GE7/1/0",
            "portip": "",
            "portmac": "f898-ef9e-187c",
            "portvlan": "",
            "neinodeid": 0,
            "other_1": "",
            "other_2": "",
            "other_3": "",
            "other_4": "",
            "other_5": "",
            "other_6": "",
            "other_7": "",
            "other_8": "",
            "other_9": "",
            "other_10": ""
        },
        {
            "connectionid": 11,
            "portid": "P5",
            "parentnodeid": 2,
            "portaggregation": "100GE7/1/0 GigabitEthernet3/0/0 GigabitEthernet3/0/1",
            "portadminstatus": "UP",
            "portstatus": "UP",
            "portposition": "N",
            "portdescription": "09001A12-Eth-Trunk2_To_09004A11-Eth-Trunk2",
            "portdata": "Eth-Trunk2",
            "portip": "10.218.0.29/30",
            "portmac": "3c78-435c-c461",
            "portvlan": "",
            "neinodeid": 0,
            "other_1": "",
            "other_2": "",
            "other_3": "",
            "other_4": "",
            "other_5": "",
            "other_6": "",
            "other_7": "",
            "other_8": "",
            "other_9": "",
            "other_10": ""
        },
        {
            "connectionid": 9,
            "portid": "P4",
            "parentnodeid": 2,
            "portaggregation": "",
            "portadminstatus": "UP",
            "portstatus": "UP",
            "portposition": "W",
            "portdescription": "09001A12-xe3/0/0_To_09004A11-xe3/0/0",
            "portdata": "GigabitEthernet3/0/0",
            "portip": "",
            "portmac": "3ce8-24ce-4e0d",
            "portvlan": "",
            "neinodeid": 0,
            "other_1": "",
            "other_2": "",
            "other_3": "",
            "other_4": "",
            "other_5": "",
            "other_6": "",
            "other_7": "",
            "other_8": "",
            "other_9": "",
            "other_10": ""
        },
        {
            "connectionid": 10,
            "portid": "P5",
            "parentnodeid": 2,
            "portaggregation": "",
            "portadminstatus": "UP",
            "portstatus": "UP",
            "portposition": "W",
            "portdescription": "09001A12-xe3/0/1_To_09004A11-xe3/0/1",
            "portdata": "GigabitEthernet3/0/1",
            "portip": "",
            "portmac": "3ce8-24ce-4e0e",
            "portvlan": "",
            "neinodeid": 0,
            "other_1": "",
            "other_2": "",
            "other_3": "",
            "other_4": "",
            "other_5": "",
            "other_6": "",
            "other_7": "",
            "other_8": "",
            "other_9": "",
            "other_10": ""
        }
    ]
}