{
    "nodelist": [
        [
            {
                "layerid": 0,
                "nodeid": 0,
                "name": "09003A11",
                "ip": "10.210.103.5",
                "type": "PTN 6900-8A",
                "neighborids": [
                    1,
                    2,
                    3,
                    4,
                    5
                ]
            }
        ],
        [
            {
                "layerid": 1,
                "nodeid": 1,
                "name": "09004A12",
                "ip": "10.210.104.6",
                "type": "PTN 6900-8A",
                "neighborids": [
                    6,
                    0,
                    7,
                    8,
                    9,
                    10,
                    11,
                    12,
                    13,
                    14,
                    15,
                    16,
                    17,
                    18,
                    19,
                    20,
                    21
                ]
            },
            {
                "layerid": 1,
                "nodeid": 2,
                "name": "09003A12",
                "ip": "10.210.103.6",
                "type": "PTN 6900-8A",
                "neighborids": [
                    5,
                    22,
                    0,
                    4,
                    3,
                    23
                ]
            },
            {
                "layerid": 1,
                "nodeid": 3,
                "name": "09003B13",
                "ip": "10.210.103.11",
                "type": "PTN 6900-2-M8A",
                "neighborids": [
                    0,
                    2
                ]
            },
            {
                "layerid": 1,
                "nodeid": 4,
                "name": "09003B14",
                "ip": "10.210.103.12",
                "type": "PTN 6900-2-M8A",
                "neighborids": [
                    2,
                    0
                ]
            },
            {
                "layerid": 1,
                "nodeid": 5,
                "name": "09003G21",
                "ip": "10.210.97.115",
                "type": "ATN 910C-G",
                "neighborids": [
                    0,
                    2
                ]
            }
        ],
        [
            {
                "layerid": 2,
                "nodeid": 6,
                "name": "09004A11",
                "ip": "10.210.104.5",
                "type": "PTN 6900-8A",
                "neighborids": [
                    1,
                    24,
                    8,
                    7,
                    9,
                    16,
                    25,
                    10
                ]
            },
            {
                "layerid": 2,
                "nodeid": 7,
                "name": "09004BR2",
                "ip": "10.210.104.8",
                "type": "PTN 6900-2-M8A",
                "neighborids": [
                    1,
                    6
                ]
            },
            {
                "layerid": 2,
                "nodeid": 8,
                "name": "09004BR1",
                "ip": "10.210.104.7",
                "type": "PTN 6900-2-M8A",
                "neighborids": [
                    6,
                    1
                ]
            },
            {
                "layerid": 2,
                "nodeid": 9,
                "name": "09004G21",
                "ip": "10.210.97.116",
                "type": "ATN 910C-G",
                "neighborids": [
                    6,
                    1
                ]
            },
            {
                "layerid": 2,
                "nodeid": 10,
                "name": "09004B14",
                "ip": "10.210.104.12",
                "type": "PTN 6900-2-M8A",
                "neighborids": [
                    6,
                    1
                ]
            },
            {
                "layerid": 2,
                "nodeid": 11,
                "name": "01044C21",
                "ip": "10.210.97.112",
                "type": "PTN 6900-2-M8C",
                "neighborids": [
                    1
                ]
            },
            {
                "layerid": 2,
                "nodeid": 12,
                "name": "01148B21",
                "ip": "10.210.97.22",
                "type": "PTN 6900-2-M8A",
                "neighborids": [
                    1
                ]
            },
            {
                "layerid": 2,
                "nodeid": 13,
                "name": "01056B21",
                "ip": "10.210.97.12",
                "type": "PTN 6900-2-M8A",
                "neighborids": [
                    1
                ]
            },
            {
                "layerid": 2,
                "nodeid": 14,
                "name": "01070B21",
                "ip": "10.210.97.3",
                "type": "PTN 6900-2-M8A",
                "neighborids": [
                    1
                ]
            },
            {
                "layerid": 2,
                "nodeid": 15,
                "name": "01024B21",
                "ip": "10.210.97.8",
                "type": "PTN 6900-2-M8A",
                "neighborids": [
                    1,
                    26
                ]
            },
            {
                "layerid": 2,
                "nodeid": 16,
                "name": "09004B13",
                "ip": "10.210.104.11",
                "type": "PTN 6900-2-M8A",
                "neighborids": [
                    1,
                    6
                ]
            },
            {
                "layerid": 2,
                "nodeid": 17,
                "name": "01071C21",
                "ip": "10.210.97.71",
                "type": "PTN 6900-2-M8C",
                "neighborids": [
                    1,
                    27
                ]
            },
            {
                "layerid": 2,
                "nodeid": 18,
                "name": "01281B21",
                "ip": "10.210.97.18",
                "type": "PTN 6900-2-M8A",
                "neighborids": [
                    1
                ]
            },
            {
                "layerid": 2,
                "nodeid": 19,
                "name": "01201B21",
                "ip": "10.210.97.27",
                "type": "PTN 6900-2-M8A",
                "neighborids": [
                    1
                ]
            },
            {
                "layerid": 2,
                "nodeid": 20,
                "name": "01112B21",
                "ip": "10.210.97.30",
                "type": "PTN 6900-2-M8A",
                "neighborids": [
                    1
                ]
            },
            {
                "layerid": 2,
                "nodeid": 21,
                "name": "01299B21",
                "ip": "10.210.97.19",
                "type": "PTN 6900-2-M8A",
                "neighborids": [
                    1
                ]
            },
            {
                "layerid": 2,
                "nodeid": 22,
                "name": "09002A11",
                "ip": "10.210.102.5",
                "type": "PTN 6900-8A",
                "neighborids": [
                    2,
                    28,
                    29,
                    30,
                    31
                ]
            },
            {
                "layerid": 2,
                "nodeid": 23,
                "name": "05699C21",
                "ip": "10.210.97.37",
                "type": "PTN 6900-2-M8C",
                "neighborids": [
                    32,
                    33,
                    34,
                    35,
                    36,
                    37,
                    38,
                    39,
                    40,
                    41,
                    42,
                    43,
                    44,
                    45,
                    46,
                    2,
                    47,
                    48,
                    49,
                    50,
                    51,
                    52
                ]
            },
            {
                "layerid": 2,
                "nodeid": 24,
                "name": "09001A12",
                "ip": "10.210.101.6",
                "type": "PTN 6900-8A",
                "neighborids": [
                    27,
                    6,
                    53,
                    54,
                    55,
                    56,
                    57
                ]
            },
            {
                "layerid": 2,
                "nodeid": 25,
                "name": "01251C21",
                "ip": "10.210.97.43",
                "type": "PTN 6900-2-M8C",
                "neighborids": [
                    6
                ]
            },
            {
                "layerid": 2,
                "nodeid": 26,
                "name": "01207B21",
                "ip": "10.210.97.9",
                "type": "PTN 6900-2-M8A",
                "neighborids": [
                    15,
                    27
                ]
            },
            {
                "layerid": 2,
                "nodeid": 27,
                "name": "09001A11",
                "ip": "10.210.101.5",
                "type": "PTN 6900-8A",
                "neighborids": [
                    24,
                    28,
                    54,
                    53,
                    17,
                    55,
                    58,
                    57,
                    59,
                    60,
                    26,
                    61,
                    62,
                    63,
                    56,
                    64
                ]
            },
            {
                "layerid": 2,
                "nodeid": 28,
                "name": "09002A12",
                "ip": "10.210.102.6",
                "type": "PTN 6900-8A",
                "neighborids": [
                    27,
                    22,
                    31,
                    30,
                    29
                ]
            },
            {
                "layerid": 2,
                "nodeid": 29,
                "name": "09002G21",
                "ip": "10.210.97.114",
                "type": "ATN 910C-G",
                "neighborids": [
                    22,
                    28
                ]
            },
            {
                "layerid": 2,
                "nodeid": 30,
                "name": "09002B13",
                "ip": "10.210.102.11",
                "type": "PTN 6900-2-M8A",
                "neighborids": [
                    22,
                    28
                ]
            },
            {
                "layerid": 2,
                "nodeid": 31,
                "name": "09002B14",
                "ip": "10.210.102.12",
                "type": "PTN 6900-2-M8A",
                "neighborids": [
                    28,
                    22
                ]
            },
            {
                "layerid": 2,
                "nodeid": 32,
                "name": "05014T8601",
                "ip": "10.210.36.156",
                "type": "infinera_8609",
                "neighborids": [
                    23
                ]
            },
            {
                "layerid": 2,
                "nodeid": 33,
                "name": "05018T8601",
                "ip": "10.210.36.157",
                "type": "infinera_8609",
                "neighborids": [
                    23
                ]
            },
            {
                "layerid": 2,
                "nodeid": 34,
                "name": "05101T8601",
                "ip": "10.210.118.5",
                "type": "infinera_8609",
                "neighborids": [
                    23
                ]
            },
            {
                "layerid": 2,
                "nodeid": 35,
                "name": "05099T8601",
                "ip": "10.210.36.155",
                "type": "infinera_8609",
                "neighborids": [
                    23
                ]
            },
            {
                "layerid": 2,
                "nodeid": 36,
                "name": "05002T8601",
                "ip": "10.210.118.38",
                "type": "infinera_8609",
                "neighborids": [
                    23
                ]
            },
            {
                "layerid": 2,
                "nodeid": 37,
                "name": "05094T8601",
                "ip": "10.210.36.143",
                "type": "infinera_8609",
                "neighborids": [
                    23
                ]
            },
            {
                "layerid": 2,
                "nodeid": 38,
                "name": "05414T8601",
                "ip": "10.210.36.144",
                "type": "infinera_8609",
                "neighborids": [
                    23
                ]
            },
            {
                "layerid": 2,
                "nodeid": 39,
                "name": "05090T8601",
                "ip": "10.210.36.145",
                "type": "infinera_8609",
                "neighborids": [
                    23
                ]
            },
            {
                "layerid": 2,
                "nodeid": 40,
                "name": "05417T8601",
                "ip": "10.210.118.44",
                "type": "infinera_8602",
                "neighborids": [
                    23
                ]
            },
            {
                "layerid": 2,
                "nodeid": 41,
                "name": "05088T8601",
                "ip": "10.210.118.70",
                "type": "infinera_8602",
                "neighborids": [
                    23
                ]
            },
            {
                "layerid": 2,
                "nodeid": 42,
                "name": "05095T8601",
                "ip": "10.210.36.154",
                "type": "infinera_8602",
                "neighborids": [
                    23
                ]
            },
            {
                "layerid": 2,
                "nodeid": 43,
                "name": "05013T8601",
                "ip": "10.210.36.152",
                "type": "infinera_8609",
                "neighborids": [
                    23
                ]
            },
            {
                "layerid": 2,
                "nodeid": 44,
                "name": "05016G31",
                "ip": "10.210.97.146",
                "type": "ATN 910C-G",
                "neighborids": [
                    52,
                    23
                ]
            },
            {
                "layerid": 2,
                "nodeid": 45,
                "name": "05003G31",
                "ip": "10.210.97.147",
                "type": "ATN 910C-G",
                "neighborids": [
                    52,
                    23
                ]
            },
            {
                "layerid": 2,
                "nodeid": 46,
                "name": "05011G31",
                "ip": "10.210.97.173",
                "type": "ATN 910C-G",
                "neighborids": [
                    23
                ]
            },
            {
                "layerid": 2,
                "nodeid": 47,
                "name": "05087G31",
                "ip": "10.210.97.189",
                "type": "ATN 910C-G",
                "neighborids": [
                    65,
                    23
                ]
            },
            {
                "layerid": 2,
                "nodeid": 48,
                "name": "09952T8601",
                "ip": "10.210.36.150",
                "type": "infinera_8609",
                "neighborids": [
                    23
                ]
            },
            {
                "layerid": 2,
                "nodeid": 49,
                "name": "05006G31",
                "ip": "10.210.97.148",
                "type": "ATN 910C-G",
                "neighborids": [
                    23,
                    52
                ]
            },
            {
                "layerid": 2,
                "nodeid": 50,
                "name": "05001G31",
                "ip": "10.210.97.174",
                "type": "ATN 910C-G",
                "neighborids": [
                    23,
                    52
                ]
            },
            {
                "layerid": 2,
                "nodeid": 51,
                "name": "05740G31",
                "ip": "10.210.97.175",
                "type": "ATN 910C-G",
                "neighborids": [
                    23,
                    52
                ]
            },
            {
                "layerid": 2,
                "nodeid": 52,
                "name": "05708C21",
                "ip": "10.210.97.38",
                "type": "PTN 6900-2-M8C",
                "neighborids": [
                    49,
                    50,
                    51,
                    23,
                    45,
                    44
                ]
            },
            {
                "layerid": 2,
                "nodeid": 53,
                "name": "09001BR2",
                "ip": "10.210.101.8",
                "type": "PTN 6900-2-M8A",
                "neighborids": [
                    24,
                    27
                ]
            },
            {
                "layerid": 2,
                "nodeid": 54,
                "name": "09001BR1",
                "ip": "10.210.101.7",
                "type": "PTN 6900-2-M8A",
                "neighborids": [
                    27,
                    24
                ]
            },
            {
                "layerid": 2,
                "nodeid": 55,
                "name": "09001G21",
                "ip": "10.210.97.113",
                "type": "ATN 910C-G",
                "neighborids": [
                    27,
                    24
                ]
            },
            {
                "layerid": 2,
                "nodeid": 56,
                "name": "09001B14",
                "ip": "10.210.101.12",
                "type": "PTN 6900-2-M8A",
                "neighborids": [
                    27,
                    24
                ]
            },
            {
                "layerid": 2,
                "nodeid": 57,
                "name": "09001B13",
                "ip": "10.210.101.11",
                "type": "PTN 6900-2-M8A",
                "neighborids": [
                    24,
                    27
                ]
            },
            {
                "layerid": 2,
                "nodeid": 58,
                "name": "01256C21",
                "ip": "10.210.97.117",
                "type": "PTN 6900-2-M8C",
                "neighborids": [
                    27
                ]
            },
            {
                "layerid": 2,
                "nodeid": 59,
                "name": "01169C21",
                "ip": "10.210.97.63",
                "type": "PTN 6900-2-M8C",
                "neighborids": [
                    27
                ]
            },
            {
                "layerid": 2,
                "nodeid": 60,
                "name": "01276B21",
                "ip": "10.210.97.2",
                "type": "PTN 6900-2-M8A",
                "neighborids": [
                    27
                ]
            },
            {
                "layerid": 2,
                "nodeid": 61,
                "name": "01110B21",
                "ip": "10.210.97.25",
                "type": "PTN 6900-2-M8A",
                "neighborids": [
                    27
                ]
            },
            {
                "layerid": 2,
                "nodeid": 62,
                "name": "01096C21",
                "ip": "10.210.97.70",
                "type": "PTN 6900-2-M8C",
                "neighborids": [
                    27
                ]
            },
            {
                "layerid": 2,
                "nodeid": 63,
                "name": "01186C21",
                "ip": "10.210.97.57",
                "type": "PTN 6900-2-M8C",
                "neighborids": [
                    27
                ]
            },
            {
                "layerid": 2,
                "nodeid": 64,
                "name": "01160C21",
                "ip": "10.210.97.120",
                "type": "PTN 6900-2-M8C",
                "neighborids": [
                    27
                ]
            },
            {
                "layerid": 2,
                "nodeid": 65,
                "name": "05086G31",
                "ip": "10.210.97.188",
                "type": "ATN 910C-G",
                "neighborids": [
                    47
                ]
            }
        ]
    ],
    "connectionlist": [
        {
            "connectionid": 12,
            "startnodeid": 0,
            "endnodeid": 2,
            "trunk": true,
            "description": "09003A11-Eth-Trunk1_To_09003A12-Eth-Trunk1 -- 09003A12-Eth-Trunk1_To_09003A11-Eth-Trunk1",
            "bandwidth": "40Gbps - 40Gbps",
            "duplexity": "Dup?",
            "media": "",
            "subnet": "10.218.0.16/30",
            "other_1": "",
            "other_2": "",
            "other_3": "",
            "other_4": "",
            "other_5": "",
            "other_6": "",
            "other_7": "",
            "other_8": "",
            "other_9": "",
            "other_10": ""
        },
        {
            "connectionid": 5,
            "startnodeid": 0,
            "endnodeid": 1,
            "trunk": true,
            "description": "09003A11-Eth-Trunk2_To_09004A12-Eth-Trunk2 -- 09004A12-Eth-Trunk2_To_09003A11-Eth-Trunk2",
            "bandwidth": "40Gbps - 40Gbps",
            "duplexity": "Dup?",
            "media": "",
            "subnet": "10.218.0.20/30",
            "other_1": "",
            "other_2": "",
            "other_3": "",
            "other_4": "",
            "other_5": "",
            "other_6": "",
            "other_7": "",
            "other_8": "",
            "other_9": "",
            "other_10": ""
        },
        {
            "connectionid": 8,
            "startnodeid": 0,
            "endnodeid": 2,
            "trunk": false,
            "description": "09003A11-xe1/0/12_To_09003A12-xe1/0/12 -- 09003A12-xe1/0/12_To_09003A11-xe1/0/12",
            "bandwidth": "10G - 10G",
            "duplexity": "Full-dpx",
            "media": "fiber - fiber",
            "subnet": "",
            "other_1": "",
            "other_2": "",
            "other_3": "",
            "other_4": "",
            "other_5": "",
            "other_6": "",
            "other_7": "",
            "other_8": "",
            "other_9": "",
            "other_10": ""
        },
        {
            "connectionid": 9,
            "startnodeid": 0,
            "endnodeid": 2,
            "trunk": false,
            "description": "09003A11-xe1/0/13_To_09003A12-xe1/0/13 -- 09003A12-xe1/0/13_To_09003A11-xe1/0/13",
            "bandwidth": "10G - 10G",
            "duplexity": "Full-dpx",
            "media": "fiber - fiber",
            "subnet": "",
            "other_1": "",
            "other_2": "",
            "other_3": "",
            "other_4": "",
            "other_5": "",
            "other_6": "",
            "other_7": "",
            "other_8": "",
            "other_9": "",
            "other_10": ""
        },
        {
            "connectionid": 10,
            "startnodeid": 0,
            "endnodeid": 2,
            "trunk": false,
            "description": "09003A11-xe2/0/0_To_09003A12-xe2/0/0 -- 09003A12-xe2/0/0_To_09003A11-xe2/0/0",
            "bandwidth": "10G - 10G",
            "duplexity": "Full-dpx",
            "media": "fiber - fiber",
            "subnet": "",
            "other_1": "",
            "other_2": "",
            "other_3": "",
            "other_4": "",
            "other_5": "",
            "other_6": "",
            "other_7": "",
            "other_8": "",
            "other_9": "",
            "other_10": ""
        },
        {
            "connectionid": 11,
            "startnodeid": 0,
            "endnodeid": 2,
            "trunk": false,
            "description": "09003A11-xe2/0/1_To_09003A12-xe2/0/1 -- 09003A12-xe2/0/1_To_09003A11-xe2/0/1",
            "bandwidth": "10G - 10G",
            "duplexity": "Full-dpx",
            "media": "fiber - fiber",
            "subnet": "",
            "other_1": "",
            "other_2": "",
            "other_3": "",
            "other_4": "",
            "other_5": "",
            "other_6": "",
            "other_7": "",
            "other_8": "",
            "other_9": "",
            "other_10": ""
        },
        {
            "connectionid": 3,
            "startnodeid": 0,
            "endnodeid": 1,
            "trunk": false,
            "description": "09003A11-xe3/0/0_To_09004A12-xe3/0/0 -- 09004A12-xe3/0/0_To_09003A11-xe3/0/0",
            "bandwidth": "10G - 10G",
            "duplexity": "Full-dpx",
            "media": "fiber - fiber",
            "subnet": "",
            "other_1": "",
            "other_2": "",
            "other_3": "",
            "other_4": "",
            "other_5": "",
            "other_6": "",
            "other_7": "",
            "other_8": "",
            "other_9": "",
            "other_10": ""
        },
        {
            "connectionid": 4,
            "startnodeid": 0,
            "endnodeid": 1,
            "trunk": false,
            "description": "09003A11-xe3/0/1_To_09004A12-xe3/0/1 -- 09004A12-xe3/0/1_To_09003A11-xe3/0/1",
            "bandwidth": "10G - 10G",
            "duplexity": "Full-dpx",
            "media": "fiber - fiber",
            "subnet": "",
            "other_1": "",
            "other_2": "",
            "other_3": "",
            "other_4": "",
            "other_5": "",
            "other_6": "",
            "other_7": "",
            "other_8": "",
            "other_9": "",
            "other_10": ""
        },
        {
            "connectionid": 1,
            "startnodeid": 0,
            "endnodeid": 3,
            "trunk": false,
            "description": "09003A11-xe6/0/1_To_09003B13-xe0/3/0 -- 09003B13-xe0/3/0_To_09003A11-xe6/0/1",
            "bandwidth": "10G - 10G",
            "duplexity": "Full-dpx",
            "media": "fiber - fiber",
            "subnet": "10.218.3.0/30",
            "other_1": "",
            "other_2": "",
            "other_3": "",
            "other_4": "",
            "other_5": "",
            "other_6": "",
            "other_7": "",
            "other_8": "",
            "other_9": "",
            "other_10": ""
        },
        {
            "connectionid": 1,
            "startnodeid": 0,
            "endnodeid": 4,
            "trunk": false,
            "description": "09003A11-xe7/0/1_To_09003B14-xe0/4/0 -- 09003B14-xe0/4/0_To_09003A11-xe7/0/1",
            "bandwidth": "10G - 10G",
            "duplexity": "Full-dpx",
            "media": "fiber - fiber",
            "subnet": "10.218.3.4/30",
            "other_1": "",
            "other_2": "",
            "other_3": "",
            "other_4": "",
            "other_5": "",
            "other_6": "",
            "other_7": "",
            "other_8": "",
            "other_9": "",
            "other_10": ""
        },
        {
            "connectionid": 1,
            "startnodeid": 0,
            "endnodeid": 5,
            "trunk": false,
            "description": "09003A11-xe7/0/3_To_09003G21-gi0/2/0 -- 09003G21-xe0/2/0_To_09003A11-xe7/0/3",
            "bandwidth": "10G - 10G",
            "duplexity": "Full-dpx",
            "media": "fiber - fiber",
            "subnet": "10.218.98.160/30",
            "other_1": "",
            "other_2": "",
            "other_3": "",
            "other_4": "",
            "other_5": "",
            "other_6": "",
            "other_7": "",
            "other_8": "",
            "other_9": "",
            "other_10": ""
        },
        {
            "connectionid": 15,
            "startnodeid": 2,
            "endnodeid": 5,
            "trunk": false,
            "description": "09003A12-xe1/0/0_To_09003G21-xe0/2/4 -- 09003G21-xe0/2/4_To_09003A12-xe4/0/0",
            "bandwidth": "10G - 10G",
            "duplexity": "Full-dpx",
            "media": "fiber - fiber",
            "subnet": "10.218.98.164/30",
            "other_1": "",
            "other_2": "",
            "other_3": "",
            "other_4": "",
            "other_5": "",
            "other_6": "",
            "other_7": "",
            "other_8": "",
            "other_9": "",
            "other_10": ""
        },
        {
            "connectionid": 15,
            "startnodeid": 2,
            "endnodeid": 4,
            "trunk": false,
            "description": "09003A12-xe6/0/1_To_09003B14-xe0/3/0 -- 09003B14-xe0/3/0_To_09003A12-xe6/0/1",
            "bandwidth": "10G - 10G",
            "duplexity": "Full-dpx",
            "media": "fiber - fiber",
            "subnet": "10.218.3.12/30",
            "other_1": "",
            "other_2": "",
            "other_3": "",
            "other_4": "",
            "other_5": "",
            "other_6": "",
            "other_7": "",
            "other_8": "",
            "other_9": "",
            "other_10": ""
        },
        {
            "connectionid": 15,
            "startnodeid": 2,
            "endnodeid": 3,
            "trunk": false,
            "description": "09003A12-xe7/0/1_To_09003B13-xe0/4/0 -- 09003B13-xe0/4/0_To_09003A12-xe7/0/1",
            "bandwidth": "10G - 10G",
            "duplexity": "Full-dpx",
            "media": "fiber - fiber",
            "subnet": "10.218.3.8/30",
            "other_1": "",
            "other_2": "",
            "other_3": "",
            "other_4": "",
            "other_5": "",
            "other_6": "",
            "other_7": "",
            "other_8": "",
            "other_9": "",
            "other_10": ""
        }
    ],
    "portlist": [
        {
            "connectionid": 12,
            "portid": "P3",
            "parentnodeid": 0,
            "portaggregation": "GigabitEthernet1/0/12 GigabitEthernet1/0/13 GigabitEthernet2/0/0 GigabitEthernet2/0/1",
            "portadminstatus": "UP",
            "portstatus": "UP",
            "portposition": "S",
            "portdescription": "09003A11-Eth-Trunk1_To_09003A12-Eth-Trunk1",
            "portdata": "Eth-Trunk1",
            "portip": "10.218.0.17/30",
            "portmac": "3c78-4328-a5ce",
            "portvlan": "",
            "neinodeid": 2,
            "other_1": "",
            "other_2": "",
            "other_3": "",
            "other_4": "",
            "other_5": "",
            "other_6": "",
            "other_7": "",
            "other_8": "",
            "other_9": "",
            "other_10": ""
        },
        {
            "connectionid": 5,
            "portid": "P5",
            "parentnodeid": 0,
            "portaggregation": "GigabitEthernet1/0/10 GigabitEthernet1/0/11 GigabitEthernet3/0/0 GigabitEthernet3/0/1",
            "portadminstatus": "UP",
            "portstatus": "UP",
            "portposition": "N",
            "portdescription": "09003A11-Eth-Trunk2_To_09004A12-Eth-Trunk2",
            "portdata": "Eth-Trunk2",
            "portip": "10.218.0.21/30",
            "portmac": "3c78-4328-a5ce",
            "portvlan": "",
            "neinodeid": 1,
            "other_1": "",
            "other_2": "",
            "other_3": "",
            "other_4": "",
            "other_5": "",
            "other_6": "",
            "other_7": "",
            "other_8": "",
            "other_9": "",
            "other_10": ""
        },
        {
            "connectionid": 1,
            "portid": "P1",
            "parentnodeid": 0,
            "portaggregation": "",
            "portadminstatus": "UP",
            "portstatus": "UP",
            "portposition": "E",
            "portdescription": "09003A11-xe1/0/10_To_09004A12-xe4/1/10",
            "portdata": "GigabitEthernet1/0/10",
            "portip": "",
            "portmac": "f4a4-d60b-fc33",
            "portvlan": "",
            "neinodeid": 1,
            "other_1": "",
            "other_2": "",
            "other_3": "",
            "other_4": "",
            "other_5": "",
            "other_6": "",
            "other_7": "",
            "other_8": "",
            "other_9": "",
            "other_10": ""
        },
        {
            "connectionid": 2,
            "portid": "P1",
            "parentnodeid": 0,
            "portaggregation": "",
            "portadminstatus": "UP",
            "portstatus": "UP",
            "portposition": "N",
            "portdescription": "09003A11-xe1/0/11_To_09004A12-xe4/1/11",
            "portdata": "GigabitEthernet1/0/11",
            "portip": "",
            "portmac": "f4a4-d60b-fc34",
            "portvlan": "",
            "neinodeid": 1,
            "other_1": "",
            "other_2": "",
            "other_3": "",
            "other_4": "",
            "other_5": "",
            "other_6": "",
            "other_7": "",
            "other_8": "",
            "other_9": "",
            "other_10": ""
        },
        {
            "connectionid": 8,
            "portid": "P5",
            "parentnodeid": 0,
            "portaggregation": "",
            "portadminstatus": "UP",
            "portstatus": "UP",
            "portposition": "E",
            "portdescription": "09003A11-xe1/0/12_To_09003A12-xe1/0/12",
            "portdata": "GigabitEthernet1/0/12",
            "portip": "",
            "portmac": "f4a4-d60b-fc35",
            "portvlan": "",
            "neinodeid": 2,
            "other_1": "",
            "other_2": "",
            "other_3": "",
            "other_4": "",
            "other_5": "",
            "other_6": "",
            "other_7": "",
            "other_8": "",
            "other_9": "",
            "other_10": ""
        },
        {
            "connectionid": 9,
            "portid": "P1",
            "parentnodeid": 0,
            "portaggregation": "",
            "portadminstatus": "UP",
            "portstatus": "UP",
            "portposition": "S",
            "portdescription": "09003A11-xe1/0/13_To_09003A12-xe1/0/13",
            "portdata": "GigabitEthernet1/0/13",
            "portip": "",
            "portmac": "f4a4-d60b-fc36",
            "portvlan": "",
            "neinodeid": 2,
            "other_1": "",
            "other_2": "",
            "other_3": "",
            "other_4": "",
            "other_5": "",
            "other_6": "",
            "other_7": "",
            "other_8": "",
            "other_9": "",
            "other_10": ""
        },
        {
            "connectionid": 10,
            "portid": "P5",
            "parentnodeid": 0,
            "portaggregation": "",
            "portadminstatus": "UP",
            "portstatus": "UP",
            "portposition": "S",
            "portdescription": "09003A11-xe2/0/0_To_09003A12-xe2/0/0",
            "portdata": "GigabitEthernet2/0/0",
            "portip": "",
            "portmac": "f898-efa3-f429",
            "portvlan": "",
            "neinodeid": 2,
            "other_1": "",
            "other_2": "",
            "other_3": "",
            "other_4": "",
            "other_5": "",
            "other_6": "",
            "other_7": "",
            "other_8": "",
            "other_9": "",
            "other_10": ""
        },
        {
            "connectionid": 11,
            "portid": "P3",
            "parentnodeid": 0,
            "portaggregation": "",
            "portadminstatus": "UP",
            "portstatus": "UP",
            "portposition": "E",
            "portdescription": "09003A11-xe2/0/1_To_09003A12-xe2/0/1",
            "portdata": "GigabitEthernet2/0/1",
            "portip": "",
            "portmac": "f898-efa3-f42a",
            "portvlan": "",
            "neinodeid": 2,
            "other_1": "",
            "other_2": "",
            "other_3": "",
            "other_4": "",
            "other_5": "",
            "other_6": "",
            "other_7": "",
            "other_8": "",
            "other_9": "",
            "other_10": ""
        },
        {
            "connectionid": 3,
            "portid": "P4",
            "parentnodeid": 0,
            "portaggregation": "",
            "portadminstatus": "UP",
            "portstatus": "UP",
            "portposition": "N",
            "portdescription": "09003A11-xe3/0/0_To_09004A12-xe3/0/0",
            "portdata": "GigabitEthernet3/0/0",
            "portip": "",
            "portmac": "3ce8-24ce-4e05",
            "portvlan": "",
            "neinodeid": 1,
            "other_1": "",
            "other_2": "",
            "other_3": "",
            "other_4": "",
            "other_5": "",
            "other_6": "",
            "other_7": "",
            "other_8": "",
            "other_9": "",
            "other_10": ""
        },
        {
            "connectionid": 4,
            "portid": "P4",
            "parentnodeid": 0,
            "portaggregation": "",
            "portadminstatus": "UP",
            "portstatus": "UP",
            "portposition": "E",
            "portdescription": "09003A11-xe3/0/1_To_09004A12-xe3/0/1",
            "portdata": "GigabitEthernet3/0/1",
            "portip": "",
            "portmac": "3ce8-24ce-4e06",
            "portvlan": "",
            "neinodeid": 1,
            "other_1": "",
            "other_2": "",
            "other_3": "",
            "other_4": "",
            "other_5": "",
            "other_6": "",
            "other_7": "",
            "other_8": "",
            "other_9": "",
            "other_10": ""
        },
        {
            "connectionid": 1,
            "portid": "P1",
            "parentnodeid": 0,
            "portaggregation": "",
            "portadminstatus": "UP",
            "portstatus": "UP",
            "portposition": "E",
            "portdescription": "09003A11-xe6/0/1_To_09003B13-xe0/3/0",
            "portdata": "GigabitEthernet6/0/1",
            "portip": "10.218.3.1/30",
            "portmac": "b4fb-f98a-9bfe",
            "portvlan": "",
            "neinodeid": 3,
            "other_1": "",
            "other_2": "",
            "other_3": "",
            "other_4": "",
            "other_5": "",
            "other_6": "",
            "other_7": "",
            "other_8": "",
            "other_9": "",
            "other_10": ""
        },
        {
            "connectionid": 1,
            "portid": "P1",
            "parentnodeid": 0,
            "portaggregation": "",
            "portadminstatus": "UP",
            "portstatus": "UP",
            "portposition": "E",
            "portdescription": "09003A11-xe7/0/1_To_09003B14-xe0/4/0",
            "portdata": "GigabitEthernet7/0/1",
            "portip": "10.218.3.5/30",
            "portmac": "b4fb-f98a-9bc7",
            "portvlan": "",
            "neinodeid": 4,
            "other_1": "",
            "other_2": "",
            "other_3": "",
            "other_4": "",
            "other_5": "",
            "other_6": "",
            "other_7": "",
            "other_8": "",
            "other_9": "",
            "other_10": ""
        },
        {
            "connectionid": 1,
            "portid": "P1",
            "parentnodeid": 0,
            "portaggregation": "",
            "portadminstatus": "UP",
            "portstatus": "UP",
            "portposition": "E",
            "portdescription": "09003A11-xe7/0/3_To_09003G21-gi0/2/0",
            "portdata": "GigabitEthernet7/0/3",
            "portip": "10.218.98.161/30",
            "portmac": "b4fb-f98a-9bc9",
            "portvlan": "",
            "neinodeid": 5,
            "other_1": "",
            "other_2": "",
            "other_3": "",
            "other_4": "",
            "other_5": "",
            "other_6": "",
            "other_7": "",
            "other_8": "",
            "other_9": "",
            "other_10": ""
        },
        {
            "connectionid": 5,
            "portid": "P2",
            "parentnodeid": 1,
            "portaggregation": "GigabitEthernet3/0/0 GigabitEthernet3/0/1 GigabitEthernet4/1/10 GigabitEthernet4/1/11",
            "portadminstatus": "UP",
            "portstatus": "UP",
            "portposition": "W",
            "portdescription": "09004A12-Eth-Trunk2_To_09003A11-Eth-Trunk2",
            "portdata": "Eth-Trunk2",
            "portip": "10.218.0.22/30",
            "portmac": "3c78-4328-a68e",
            "portvlan": "",
            "neinodeid": 0,
            "other_1": "",
            "other_2": "",
            "other_3": "",
            "other_4": "",
            "other_5": "",
            "other_6": "",
            "other_7": "",
            "other_8": "",
            "other_9": "",
            "other_10": ""
        },
        {
            "connectionid": 3,
            "portid": "P5",
            "parentnodeid": 1,
            "portaggregation": "",
            "portadminstatus": "UP",
            "portstatus": "UP",
            "portposition": "W",
            "portdescription": "09004A12-xe3/0/0_To_09003A11-xe3/0/0",
            "portdata": "GigabitEthernet3/0/0",
            "portip": "",
            "portmac": "f898-ef13-6374",
            "portvlan": "",
            "neinodeid": 0,
            "other_1": "",
            "other_2": "",
            "other_3": "",
            "other_4": "",
            "other_5": "",
            "other_6": "",
            "other_7": "",
            "other_8": "",
            "other_9": "",
            "other_10": ""
        },
        {
            "connectionid": 4,
            "portid": "P5",
            "parentnodeid": 1,
            "portaggregation": "",
            "portadminstatus": "UP",
            "portstatus": "UP",
            "portposition": "S",
            "portdescription": "09004A12-xe3/0/1_To_09003A11-xe3/0/1",
            "portdata": "GigabitEthernet3/0/1",
            "portip": "",
            "portmac": "f898-ef13-6375",
            "portvlan": "",
            "neinodeid": 0,
            "other_1": "",
            "other_2": "",
            "other_3": "",
            "other_4": "",
            "other_5": "",
            "other_6": "",
            "other_7": "",
            "other_8": "",
            "other_9": "",
            "other_10": ""
        },
        {
            "connectionid": 3,
            "portid": "P5",
            "parentnodeid": 1,
            "portaggregation": "",
            "portadminstatus": "UP",
            "portstatus": "UP",
            "portposition": "W",
            "portdescription": "09004A12-xe4/1/10_To_09003A11-xe1/0/10",
            "portdata": "GigabitEthernet4/1/10",
            "portip": "",
            "portmac": "60de-f3f2-a0d3",
            "portvlan": "",
            "neinodeid": 0,
            "other_1": "",
            "other_2": "",
            "other_3": "",
            "other_4": "",
            "other_5": "",
            "other_6": "",
            "other_7": "",
            "other_8": "",
            "other_9": "",
            "other_10": ""
        },
        {
            "connectionid": 4,
            "portid": "P5",
            "parentnodeid": 1,
            "portaggregation": "",
            "portadminstatus": "UP",
            "portstatus": "UP",
            "portposition": "S",
            "portdescription": "09004A12-xe4/1/11_To_09003A11-xe1/0/11",
            "portdata": "GigabitEthernet4/1/11",
            "portip": "",
            "portmac": "60de-f3f2-a0d4",
            "portvlan": "",
            "neinodeid": 0,
            "other_1": "",
            "other_2": "",
            "other_3": "",
            "other_4": "",
            "other_5": "",
            "other_6": "",
            "other_7": "",
            "other_8": "",
            "other_9": "",
            "other_10": ""
        },
        {
            "connectionid": 12,
            "portid": "P3",
            "parentnodeid": 2,
            "portaggregation": "GigabitEthernet1/0/12 GigabitEthernet1/0/13 GigabitEthernet2/0/0 GigabitEthernet2/0/1",
            "portadminstatus": "UP",
            "portstatus": "UP",
            "portposition": "W",
            "portdescription": "09003A12-Eth-Trunk1_To_09003A11-Eth-Trunk1",
            "portdata": "Eth-Trunk1",
            "portip": "10.218.0.18/30",
            "portmac": "3c78-435c-c3e1",
            "portvlan": "",
            "neinodeid": 0,
            "other_1": "",
            "other_2": "",
            "other_3": "",
            "other_4": "",
            "other_5": "",
            "other_6": "",
            "other_7": "",
            "other_8": "",
            "other_9": "",
            "other_10": ""
        },
        {
            "connectionid": 15,
            "portid": "P1",
            "parentnodeid": 2,
            "portaggregation": "",
            "portadminstatus": "UP",
            "portstatus": "UP",
            "portposition": "S",
            "portdescription": "09003A12-xe1/0/0_To_09003G21-xe0/2/4",
            "portdata": "GigabitEthernet1/0/0",
            "portip": "10.218.98.166/30",
            "portmac": "f4a4-d60b-fe81",
            "portvlan": "",
            "neinodeid": 5,
            "other_1": "",
            "other_2": "",
            "other_3": "",
            "other_4": "",
            "other_5": "",
            "other_6": "",
            "other_7": "",
            "other_8": "",
            "other_9": "",
            "other_10": ""
        },
        {
            "connectionid": 8,
            "portid": "P1",
            "parentnodeid": 2,
            "portaggregation": "",
            "portadminstatus": "UP",
            "portstatus": "UP",
            "portposition": "W",
            "portdescription": "09003A12-xe1/0/12_To_09003A11-xe1/0/12",
            "portdata": "GigabitEthernet1/0/12",
            "portip": "",
            "portmac": "f4a4-d60b-fe8d",
            "portvlan": "",
            "neinodeid": 0,
            "other_1": "",
            "other_2": "",
            "other_3": "",
            "other_4": "",
            "other_5": "",
            "other_6": "",
            "other_7": "",
            "other_8": "",
            "other_9": "",
            "other_10": ""
        },
        {
            "connectionid": 9,
            "portid": "P4",
            "parentnodeid": 2,
            "portaggregation": "",
            "portadminstatus": "UP",
            "portstatus": "UP",
            "portposition": "W",
            "portdescription": "09003A12-xe1/0/13_To_09003A11-xe1/0/13",
            "portdata": "GigabitEthernet1/0/13",
            "portip": "",
            "portmac": "f4a4-d60b-fe8e",
            "portvlan": "",
            "neinodeid": 0,
            "other_1": "",
            "other_2": "",
            "other_3": "",
            "other_4": "",
            "other_5": "",
            "other_6": "",
            "other_7": "",
            "other_8": "",
            "other_9": "",
            "other_10": ""
        },
        {
            "connectionid": 10,
            "portid": "P5",
            "parentnodeid": 2,
            "portaggregation": "",
            "portadminstatus": "UP",
            "portstatus": "UP",
            "portposition": "W",
            "portdescription": "09003A12-xe2/0/0_To_09003A11-xe2/0/0",
            "portdata": "GigabitEthernet2/0/0",
            "portip": "",
            "portmac": "f898-efa3-f423",
            "portvlan": "",
            "neinodeid": 0,
            "other_1": "",
            "other_2": "",
            "other_3": "",
            "other_4": "",
            "other_5": "",
            "other_6": "",
            "other_7": "",
            "other_8": "",
            "other_9": "",
            "other_10": ""
        },
        {
            "connectionid": 11,
            "portid": "P5",
            "parentnodeid": 2,
            "portaggregation": "",
            "portadminstatus": "UP",
            "portstatus": "UP",
            "portposition": "N",
            "portdescription": "09003A12-xe2/0/1_To_09003A11-xe2/0/1",
            "portdata": "GigabitEthernet2/0/1",
            "portip": "",
            "portmac": "f898-efa3-f424",
            "portvlan": "",
            "neinodeid": 0,
            "other_1": "",
            "other_2": "",
            "other_3": "",
            "other_4": "",
            "other_5": "",
            "other_6": "",
            "other_7": "",
            "other_8": "",
            "other_9": "",
            "other_10": ""
        },
        {
            "connectionid": 15,
            "portid": "P1",
            "parentnodeid": 2,
            "portaggregation": "",
            "portadminstatus": "UP",
            "portstatus": "UP",
            "portposition": "S",
            "portdescription": "09003A12-xe6/0/1_To_09003B14-xe0/3/0",
            "portdata": "GigabitEthernet6/0/1",
            "portip": "10.218.3.13/30",
            "portmac": "b4fb-f98a-9b68",
            "portvlan": "",
            "neinodeid": 4,
            "other_1": "",
            "other_2": "",
            "other_3": "",
            "other_4": "",
            "other_5": "",
            "other_6": "",
            "other_7": "",
            "other_8": "",
            "other_9": "",
            "other_10": ""
        },
        {
            "connectionid": 15,
            "portid": "P1",
            "parentnodeid": 2,
            "portaggregation": "",
            "portadminstatus": "UP",
            "portstatus": "UP",
            "portposition": "S",
            "portdescription": "09003A12-xe7/0/1_To_09003B13-xe0/4/0",
            "portdata": "GigabitEthernet7/0/1",
            "portip": "10.218.3.9/30",
            "portmac": "b4fb-f98a-9bbd",
            "portvlan": "",
            "neinodeid": 3,
            "other_1": "",
            "other_2": "",
            "other_3": "",
            "other_4": "",
            "other_5": "",
            "other_6": "",
            "other_7": "",
            "other_8": "",
            "other_9": "",
            "other_10": ""
        },
        {
            "connectionid": 1,
            "portid": "P1",
            "parentnodeid": 3,
            "portaggregation": "",
            "portadminstatus": "UP",
            "portstatus": "UP",
            "portposition": "W",
            "portdescription": "09003B13-xe0/3/0_To_09003A11-xe6/0/1",
            "portdata": "GigabitEthernet0/3/0",
            "portip": "10.218.3.2/30",
            "portmac": "9835-edb3-cefb",
            "portvlan": "",
            "neinodeid": 0,
            "other_1": "",
            "other_2": "",
            "other_3": "",
            "other_4": "",
            "other_5": "",
            "other_6": "",
            "other_7": "",
            "other_8": "",
            "other_9": "",
            "other_10": ""
        },
        {
            "connectionid": 15,
            "portid": "P1",
            "parentnodeid": 3,
            "portaggregation": "",
            "portadminstatus": "UP",
            "portstatus": "UP",
            "portposition": "N",
            "portdescription": "09003B13-xe0/4/0_To_09003A12-xe7/0/1",
            "portdata": "GigabitEthernet0/4/0",
            "portip": "10.218.3.10/30",
            "portmac": "9835-edb3-cecf",
            "portvlan": "",
            "neinodeid": 2,
            "other_1": "",
            "other_2": "",
            "other_3": "",
            "other_4": "",
            "other_5": "",
            "other_6": "",
            "other_7": "",
            "other_8": "",
            "other_9": "",
            "other_10": ""
        },
        {
            "connectionid": 15,
            "portid": "P1",
            "parentnodeid": 4,
            "portaggregation": "",
            "portadminstatus": "UP",
            "portstatus": "UP",
            "portposition": "N",
            "portdescription": "09003B14-xe0/3/0_To_09003A12-xe6/0/1",
            "portdata": "GigabitEthernet0/3/0",
            "portip": "10.218.3.14/30",
            "portmac": "b443-26ab-16e4",
            "portvlan": "",
            "neinodeid": 2,
            "other_1": "",
            "other_2": "",
            "other_3": "",
            "other_4": "",
            "other_5": "",
            "other_6": "",
            "other_7": "",
            "other_8": "",
            "other_9": "",
            "other_10": ""
        },
        {
            "connectionid": 1,
            "portid": "P1",
            "parentnodeid": 4,
            "portaggregation": "",
            "portadminstatus": "UP",
            "portstatus": "UP",
            "portposition": "W",
            "portdescription": "09003B14-xe0/4/0_To_09003A11-xe7/0/1",
            "portdata": "GigabitEthernet0/4/0",
            "portip": "10.218.3.6/30",
            "portmac": "b443-26ab-1dfb",
            "portvlan": "",
            "neinodeid": 0,
            "other_1": "",
            "other_2": "",
            "other_3": "",
            "other_4": "",
            "other_5": "",
            "other_6": "",
            "other_7": "",
            "other_8": "",
            "other_9": "",
            "other_10": ""
        },
        {
            "connectionid": 1,
            "portid": "P1",
            "parentnodeid": 5,
            "portaggregation": "",
            "portadminstatus": "UP",
            "portstatus": "UP",
            "portposition": "W",
            "portdescription": "09003G21-xe0/2/0_To_09003A11-xe7/0/3",
            "portdata": "GigabitEthernet0/2/0",
            "portip": "10.218.98.162/30",
            "portmac": "30fd-6507-64cb",
            "portvlan": "",
            "neinodeid": 0,
            "other_1": "",
            "other_2": "",
            "other_3": "",
            "other_4": "",
            "other_5": "",
            "other_6": "",
            "other_7": "",
            "other_8": "",
            "other_9": "",
            "other_10": ""
        },
        {
            "connectionid": 15,
            "portid": "P1",
            "parentnodeid": 5,
            "portaggregation": "",
            "portadminstatus": "UP",
            "portstatus": "UP",
            "portposition": "N",
            "portdescription": "09003G21-xe0/2/4_To_09003A12-xe4/0/0",
            "portdata": "GigabitEthernet0/2/4",
            "portip": "10.218.98.165/30",
            "portmac": "30fd-6507-64cf",
            "portvlan": "",
            "neinodeid": 2,
            "other_1": "",
            "other_2": "",
            "other_3": "",
            "other_4": "",
            "other_5": "",
            "other_6": "",
            "other_7": "",
            "other_8": "",
            "other_9": "",
            "other_10": ""
        }
    ]
}