{
    "nodelist": [
        [
            {
                "layerid": 0,
                "nodeid": 0,
                "name": "09001A11",
                "ip": "10.210.101.5",
                "type": "PTN 6900-8A",
                "neighborids": [
                    1,
                    2,
                    3,
                    4,
                    5,
                    6,
                    7,
                    8,
                    9,
                    10,
                    11,
                    12,
                    13,
                    14,
                    15,
                    16
                ]
            }
        ],
        [
            {
                "layerid": 1,
                "nodeid": 1,
                "name": "09001A12",
                "ip": "10.210.101.6",
                "type": "PTN 6900-8A",
                "neighborids": [
                    0,
                    17,
                    4,
                    3,
                    6,
                    15,
                    8
                ]
            },
            {
                "layerid": 1,
                "nodeid": 2,
                "name": "09002A12",
                "ip": "10.210.102.6",
                "type": "PTN 6900-8A",
                "neighborids": [
                    0,
                    18,
                    19,
                    20,
                    21
                ]
            },
            {
                "layerid": 1,
                "nodeid": 3,
                "name": "09001BR1",
                "ip": "10.210.101.7",
                "type": "PTN 6900-2-M8A",
                "neighborids": [
                    0,
                    1
                ]
            },
            {
                "layerid": 1,
                "nodeid": 4,
                "name": "09001BR2",
                "ip": "10.210.101.8",
                "type": "PTN 6900-2-M8A",
                "neighborids": [
                    1,
                    0
                ]
            },
            {
                "layerid": 1,
                "nodeid": 5,
                "name": "01071C21",
                "ip": "10.210.97.71",
                "type": "PTN 6900-2-M8C",
                "neighborids": [
                    22,
                    0
                ]
            },
            {
                "layerid": 1,
                "nodeid": 6,
                "name": "09001G21",
                "ip": "10.210.97.113",
                "type": "ATN 910C-G",
                "neighborids": [
                    0,
                    1
                ]
            },
            {
                "layerid": 1,
                "nodeid": 7,
                "name": "01256C21",
                "ip": "10.210.97.117",
                "type": "PTN 6900-2-M8C",
                "neighborids": [
                    0
                ]
            },
            {
                "layerid": 1,
                "nodeid": 8,
                "name": "09001B13",
                "ip": "10.210.101.11",
                "type": "PTN 6900-2-M8A",
                "neighborids": [
                    1,
                    0
                ]
            },
            {
                "layerid": 1,
                "nodeid": 9,
                "name": "01169C21",
                "ip": "10.210.97.63",
                "type": "PTN 6900-2-M8C",
                "neighborids": [
                    0
                ]
            },
            {
                "layerid": 1,
                "nodeid": 10,
                "name": "01276B21",
                "ip": "10.210.97.2",
                "type": "PTN 6900-2-M8A",
                "neighborids": [
                    0
                ]
            },
            {
                "layerid": 1,
                "nodeid": 11,
                "name": "01207B21",
                "ip": "10.210.97.9",
                "type": "PTN 6900-2-M8A",
                "neighborids": [
                    23,
                    0
                ]
            },
            {
                "layerid": 1,
                "nodeid": 12,
                "name": "01110B21",
                "ip": "10.210.97.25",
                "type": "PTN 6900-2-M8A",
                "neighborids": [
                    0
                ]
            },
            {
                "layerid": 1,
                "nodeid": 13,
                "name": "01096C21",
                "ip": "10.210.97.70",
                "type": "PTN 6900-2-M8C",
                "neighborids": [
                    0
                ]
            },
            {
                "layerid": 1,
                "nodeid": 14,
                "name": "01186C21",
                "ip": "10.210.97.57",
                "type": "PTN 6900-2-M8C",
                "neighborids": [
                    0
                ]
            },
            {
                "layerid": 1,
                "nodeid": 15,
                "name": "09001B14",
                "ip": "10.210.101.12",
                "type": "PTN 6900-2-M8A",
                "neighborids": [
                    0,
                    1
                ]
            },
            {
                "layerid": 1,
                "nodeid": 16,
                "name": "01160C21",
                "ip": "10.210.97.120",
                "type": "PTN 6900-2-M8C",
                "neighborids": [
                    0
                ]
            }
        ],
        [
            {
                "layerid": 2,
                "nodeid": 17,
                "name": "09004A11",
                "ip": "10.210.104.5",
                "type": "PTN 6900-8A",
                "neighborids": [
                    22,
                    1,
                    24,
                    25,
                    26,
                    27,
                    28,
                    29
                ]
            },
            {
                "layerid": 2,
                "nodeid": 18,
                "name": "09002A11",
                "ip": "10.210.102.5",
                "type": "PTN 6900-8A",
                "neighborids": [
                    30,
                    2,
                    21,
                    20,
                    19
                ]
            },
            {
                "layerid": 2,
                "nodeid": 19,
                "name": "09002B14",
                "ip": "10.210.102.12",
                "type": "PTN 6900-2-M8A",
                "neighborids": [
                    2,
                    18
                ]
            },
            {
                "layerid": 2,
                "nodeid": 20,
                "name": "09002B13",
                "ip": "10.210.102.11",
                "type": "PTN 6900-2-M8A",
                "neighborids": [
                    18,
                    2
                ]
            },
            {
                "layerid": 2,
                "nodeid": 21,
                "name": "09002G21",
                "ip": "10.210.97.114",
                "type": "ATN 910C-G",
                "neighborids": [
                    18,
                    2
                ]
            },
            {
                "layerid": 2,
                "nodeid": 22,
                "name": "09004A12",
                "ip": "10.210.104.6",
                "type": "PTN 6900-8A",
                "neighborids": [
                    17,
                    31,
                    25,
                    24,
                    26,
                    29,
                    32,
                    33,
                    34,
                    35,
                    23,
                    27,
                    5,
                    36,
                    37,
                    38,
                    39
                ]
            },
            {
                "layerid": 2,
                "nodeid": 23,
                "name": "01024B21",
                "ip": "10.210.97.8",
                "type": "PTN 6900-2-M8A",
                "neighborids": [
                    22,
                    11
                ]
            },
            {
                "layerid": 2,
                "nodeid": 24,
                "name": "09004BR1",
                "ip": "10.210.104.7",
                "type": "PTN 6900-2-M8A",
                "neighborids": [
                    17,
                    22
                ]
            },
            {
                "layerid": 2,
                "nodeid": 25,
                "name": "09004BR2",
                "ip": "10.210.104.8",
                "type": "PTN 6900-2-M8A",
                "neighborids": [
                    22,
                    17
                ]
            },
            {
                "layerid": 2,
                "nodeid": 26,
                "name": "09004G21",
                "ip": "10.210.97.116",
                "type": "ATN 910C-G",
                "neighborids": [
                    17,
                    22
                ]
            },
            {
                "layerid": 2,
                "nodeid": 27,
                "name": "09004B13",
                "ip": "10.210.104.11",
                "type": "PTN 6900-2-M8A",
                "neighborids": [
                    22,
                    17
                ]
            },
            {
                "layerid": 2,
                "nodeid": 28,
                "name": "01251C21",
                "ip": "10.210.97.43",
                "type": "PTN 6900-2-M8C",
                "neighborids": [
                    17
                ]
            },
            {
                "layerid": 2,
                "nodeid": 29,
                "name": "09004B14",
                "ip": "10.210.104.12",
                "type": "PTN 6900-2-M8A",
                "neighborids": [
                    17,
                    22
                ]
            },
            {
                "layerid": 2,
                "nodeid": 30,
                "name": "09003A12",
                "ip": "10.210.103.6",
                "type": "PTN 6900-8A",
                "neighborids": [
                    40,
                    18,
                    31,
                    41,
                    42,
                    43
                ]
            },
            {
                "layerid": 2,
                "nodeid": 31,
                "name": "09003A11",
                "ip": "10.210.103.5",
                "type": "PTN 6900-8A",
                "neighborids": [
                    22,
                    30,
                    42,
                    41,
                    40
                ]
            },
            {
                "layerid": 2,
                "nodeid": 32,
                "name": "01044C21",
                "ip": "10.210.97.112",
                "type": "PTN 6900-2-M8C",
                "neighborids": [
                    22
                ]
            },
            {
                "layerid": 2,
                "nodeid": 33,
                "name": "01148B21",
                "ip": "10.210.97.22",
                "type": "PTN 6900-2-M8A",
                "neighborids": [
                    22
                ]
            },
            {
                "layerid": 2,
                "nodeid": 34,
                "name": "01056B21",
                "ip": "10.210.97.12",
                "type": "PTN 6900-2-M8A",
                "neighborids": [
                    22
                ]
            },
            {
                "layerid": 2,
                "nodeid": 35,
                "name": "01070B21",
                "ip": "10.210.97.3",
                "type": "PTN 6900-2-M8A",
                "neighborids": [
                    22
                ]
            },
            {
                "layerid": 2,
                "nodeid": 36,
                "name": "01281B21",
                "ip": "10.210.97.18",
                "type": "PTN 6900-2-M8A",
                "neighborids": [
                    22
                ]
            },
            {
                "layerid": 2,
                "nodeid": 37,
                "name": "01201B21",
                "ip": "10.210.97.27",
                "type": "PTN 6900-2-M8A",
                "neighborids": [
                    22
                ]
            },
            {
                "layerid": 2,
                "nodeid": 38,
                "name": "01112B21",
                "ip": "10.210.97.30",
                "type": "PTN 6900-2-M8A",
                "neighborids": [
                    22
                ]
            },
            {
                "layerid": 2,
                "nodeid": 39,
                "name": "01299B21",
                "ip": "10.210.97.19",
                "type": "PTN 6900-2-M8A",
                "neighborids": [
                    22
                ]
            },
            {
                "layerid": 2,
                "nodeid": 40,
                "name": "09003G21",
                "ip": "10.210.97.115",
                "type": "ATN 910C-G",
                "neighborids": [
                    31,
                    30
                ]
            },
            {
                "layerid": 2,
                "nodeid": 41,
                "name": "09003B14",
                "ip": "10.210.103.12",
                "type": "PTN 6900-2-M8A",
                "neighborids": [
                    30,
                    31
                ]
            },
            {
                "layerid": 2,
                "nodeid": 42,
                "name": "09003B13",
                "ip": "10.210.103.11",
                "type": "PTN 6900-2-M8A",
                "neighborids": [
                    31,
                    30
                ]
            },
            {
                "layerid": 2,
                "nodeid": 43,
                "name": "05699C21",
                "ip": "10.210.97.37",
                "type": "PTN 6900-2-M8C",
                "neighborids": [
                    44,
                    45,
                    46,
                    47,
                    48,
                    49,
                    50,
                    51,
                    52,
                    53,
                    54,
                    55,
                    56,
                    57,
                    58,
                    30,
                    59,
                    60,
                    61,
                    62,
                    63,
                    64
                ]
            },
            {
                "layerid": 2,
                "nodeid": 44,
                "name": "05014T8601",
                "ip": "10.210.36.156",
                "type": "infinera_8609",
                "neighborids": [
                    43
                ]
            },
            {
                "layerid": 2,
                "nodeid": 45,
                "name": "05018T8601",
                "ip": "10.210.36.157",
                "type": "infinera_8609",
                "neighborids": [
                    43
                ]
            },
            {
                "layerid": 2,
                "nodeid": 46,
                "name": "05101T8601",
                "ip": "10.210.118.5",
                "type": "infinera_8609",
                "neighborids": [
                    43
                ]
            },
            {
                "layerid": 2,
                "nodeid": 47,
                "name": "05099T8601",
                "ip": "10.210.36.155",
                "type": "infinera_8609",
                "neighborids": [
                    43
                ]
            },
            {
                "layerid": 2,
                "nodeid": 48,
                "name": "05002T8601",
                "ip": "10.210.118.38",
                "type": "infinera_8609",
                "neighborids": [
                    43
                ]
            },
            {
                "layerid": 2,
                "nodeid": 49,
                "name": "05094T8601",
                "ip": "10.210.36.143",
                "type": "infinera_8609",
                "neighborids": [
                    43
                ]
            },
            {
                "layerid": 2,
                "nodeid": 50,
                "name": "05414T8601",
                "ip": "10.210.36.144",
                "type": "infinera_8609",
                "neighborids": [
                    43
                ]
            },
            {
                "layerid": 2,
                "nodeid": 51,
                "name": "05090T8601",
                "ip": "10.210.36.145",
                "type": "infinera_8609",
                "neighborids": [
                    43
                ]
            },
            {
                "layerid": 2,
                "nodeid": 52,
                "name": "05417T8601",
                "ip": "10.210.118.44",
                "type": "infinera_8602",
                "neighborids": [
                    43
                ]
            },
            {
                "layerid": 2,
                "nodeid": 53,
                "name": "05088T8601",
                "ip": "10.210.118.70",
                "type": "infinera_8602",
                "neighborids": [
                    43
                ]
            },
            {
                "layerid": 2,
                "nodeid": 54,
                "name": "05095T8601",
                "ip": "10.210.36.154",
                "type": "infinera_8602",
                "neighborids": [
                    43
                ]
            },
            {
                "layerid": 2,
                "nodeid": 55,
                "name": "05013T8601",
                "ip": "10.210.36.152",
                "type": "infinera_8609",
                "neighborids": [
                    43
                ]
            },
            {
                "layerid": 2,
                "nodeid": 56,
                "name": "05016G31",
                "ip": "10.210.97.146",
                "type": "ATN 910C-G",
                "neighborids": [
                    64,
                    43
                ]
            },
            {
                "layerid": 2,
                "nodeid": 57,
                "name": "05003G31",
                "ip": "10.210.97.147",
                "type": "ATN 910C-G",
                "neighborids": [
                    64,
                    43
                ]
            },
            {
                "layerid": 2,
                "nodeid": 58,
                "name": "05011G31",
                "ip": "10.210.97.173",
                "type": "ATN 910C-G",
                "neighborids": [
                    43
                ]
            },
            {
                "layerid": 2,
                "nodeid": 59,
                "name": "05087G31",
                "ip": "10.210.97.189",
                "type": "ATN 910C-G",
                "neighborids": [
                    65,
                    43
                ]
            },
            {
                "layerid": 2,
                "nodeid": 60,
                "name": "09952T8601",
                "ip": "10.210.36.150",
                "type": "infinera_8609",
                "neighborids": [
                    43
                ]
            },
            {
                "layerid": 2,
                "nodeid": 61,
                "name": "05006G31",
                "ip": "10.210.97.148",
                "type": "ATN 910C-G",
                "neighborids": [
                    43,
                    64
                ]
            },
            {
                "layerid": 2,
                "nodeid": 62,
                "name": "05001G31",
                "ip": "10.210.97.174",
                "type": "ATN 910C-G",
                "neighborids": [
                    43,
                    64
                ]
            },
            {
                "layerid": 2,
                "nodeid": 63,
                "name": "05740G31",
                "ip": "10.210.97.175",
                "type": "ATN 910C-G",
                "neighborids": [
                    43,
                    64
                ]
            },
            {
                "layerid": 2,
                "nodeid": 64,
                "name": "05708C21",
                "ip": "10.210.97.38",
                "type": "PTN 6900-2-M8C",
                "neighborids": [
                    61,
                    62,
                    63,
                    43,
                    57,
                    56
                ]
            },
            {
                "layerid": 2,
                "nodeid": 65,
                "name": "05086G31",
                "ip": "10.210.97.188",
                "type": "ATN 910C-G",
                "neighborids": [
                    59
                ]
            }
        ]
    ],
    "connectionlist": [
        {
            "connectionid": 1,
            "startnodeid": 0,
            "endnodeid": 1,
            "trunk": false,
            "description": "09001A11-ce4/0/1_To_09001A12-ce4/0/1 -- 09001A12-ce4/0/1_To_09001A11-ce4/0/1",
            "bandwidth": "100G - 100G",
            "duplexity": "Full-dpx",
            "media": "fiber - fiber",
            "subnet": "",
            "other_1": "",
            "other_2": "",
            "other_3": "",
            "other_4": "",
            "other_5": "",
            "other_6": "",
            "other_7": "",
            "other_8": "",
            "other_9": "",
            "other_10": ""
        },
        {
            "connectionid": 2,
            "startnodeid": 0,
            "endnodeid": 1,
            "trunk": true,
            "description": "09001A11-Eth-Trunk1_To_09001A12-Eth-Trunk1 -- 09001A12-Eth-Trunk1_To_09001A11-Eth-Trunk1",
            "bandwidth": "100Gbps - 100Gbps",
            "duplexity": "Dup?",
            "media": "",
            "subnet": "10.218.0.0/30",
            "other_1": "",
            "other_2": "",
            "other_3": "",
            "other_4": "",
            "other_5": "",
            "other_6": "",
            "other_7": "",
            "other_8": "",
            "other_9": "",
            "other_10": ""
        },
        {
            "connectionid": 12,
            "startnodeid": 0,
            "endnodeid": 2,
            "trunk": true,
            "description": "09001A11-Eth-Trunk2_To_09002A12-Eth-Trunk2 -- 09002A12-Eth-Trunk2_To_09001A11-Eth-Trunk2",
            "bandwidth": "40Gbps - 40Gbps",
            "duplexity": "Dup?",
            "media": "",
            "subnet": "10.218.0.4/30",
            "other_1": "",
            "other_2": "",
            "other_3": "",
            "other_4": "",
            "other_5": "",
            "other_6": "",
            "other_7": "",
            "other_8": "",
            "other_9": "",
            "other_10": ""
        },
        {
            "connectionid": 8,
            "startnodeid": 0,
            "endnodeid": 2,
            "trunk": false,
            "description": "09001A11-xe3/0/0_To_09002A12-xe3/0/0 -- 09002A12-xe3/0/0_To_09001A11-xe3/0/0",
            "bandwidth": "10G - 10G",
            "duplexity": "Full-dpx",
            "media": "fiber - fiber",
            "subnet": "",
            "other_1": "",
            "other_2": "",
            "other_3": "",
            "other_4": "",
            "other_5": "",
            "other_6": "",
            "other_7": "",
            "other_8": "",
            "other_9": "",
            "other_10": ""
        },
        {
            "connectionid": 9,
            "startnodeid": 0,
            "endnodeid": 2,
            "trunk": false,
            "description": "09001A11-xe3/0/1_To_09002A12-xe3/0/1 -- 09002A12-xe3/0/1_To_09001A11-xe3/0/1",
            "bandwidth": "10G - 10G",
            "duplexity": "Full-dpx",
            "media": "fiber - fiber",
            "subnet": "",
            "other_1": "",
            "other_2": "",
            "other_3": "",
            "other_4": "",
            "other_5": "",
            "other_6": "",
            "other_7": "",
            "other_8": "",
            "other_9": "",
            "other_10": ""
        },
        {
            "connectionid": 1,
            "startnodeid": 0,
            "endnodeid": 3,
            "trunk": false,
            "description": "09001A11-ge3/1/20_To_09001BR1-ge0/1/7 -- 09001BR1-ge0/1/7_To_09001A11-ge2/1/23",
            "bandwidth": "1G - 1G",
            "duplexity": "Full-dpx",
            "media": "fiber - fiber",
            "subnet": "10.218.1.188/30",
            "other_1": "",
            "other_2": "",
            "other_3": "",
            "other_4": "",
            "other_5": "",
            "other_6": "",
            "other_7": "",
            "other_8": "",
            "other_9": "",
            "other_10": ""
        },
        {
            "connectionid": 1,
            "startnodeid": 0,
            "endnodeid": 4,
            "trunk": false,
            "description": "09001A11-ge3/1/23_To_09001BR2-ge0/1/8 -- 09001BR2-ge0/1/8_To_09001A11-ge3/1/23",
            "bandwidth": "1G - 1G",
            "duplexity": "Full-dpx",
            "media": "fiber - fiber",
            "subnet": "10.218.1.196/30",
            "other_1": "",
            "other_2": "",
            "other_3": "",
            "other_4": "",
            "other_5": "",
            "other_6": "",
            "other_7": "",
            "other_8": "",
            "other_9": "",
            "other_10": ""
        },
        {
            "connectionid": 1,
            "startnodeid": 0,
            "endnodeid": 5,
            "trunk": false,
            "description": "09001A11-ge3/1/4_To_01071C21-ge0/4/0 -- 01071C21-ge0/4/0_To_09001A11-ge2/1/8",
            "bandwidth": "1G - 1G",
            "duplexity": "Full-dpx",
            "media": "fiber - fiber",
            "subnet": "10.218.6.208/30",
            "other_1": "",
            "other_2": "",
            "other_3": "",
            "other_4": "",
            "other_5": "",
            "other_6": "",
            "other_7": "",
            "other_8": "",
            "other_9": "",
            "other_10": ""
        },
        {
            "connectionid": 1,
            "startnodeid": 0,
            "endnodeid": 6,
            "trunk": false,
            "description": "09001A11-xe4/1/0_To_09001G21-gi0/2/0 -- 09001G21-xe0/2/0_To_09001A11-xe4/1/0",
            "bandwidth": "10G - 10G",
            "duplexity": "Full-dpx",
            "media": "fiber - fiber",
            "subnet": "10.218.98.144/30",
            "other_1": "",
            "other_2": "",
            "other_3": "",
            "other_4": "",
            "other_5": "",
            "other_6": "",
            "other_7": "",
            "other_8": "",
            "other_9": "",
            "other_10": ""
        },
        {
            "connectionid": 1,
            "startnodeid": 0,
            "endnodeid": 7,
            "trunk": false,
            "description": "09001A11-xe6/0/0_To_01256C21-xe0/3/0 -- 01256C21-xe0/3/0_To_09001A11-xe6/0/0",
            "bandwidth": "10G - 10G",
            "duplexity": "Full-dpx",
            "media": "fiber - fiber",
            "subnet": "10.218.98.176/30",
            "other_1": "",
            "other_2": "",
            "other_3": "",
            "other_4": "",
            "other_5": "",
            "other_6": "",
            "other_7": "",
            "other_8": "",
            "other_9": "",
            "other_10": ""
        },
        {
            "connectionid": 1,
            "startnodeid": 0,
            "endnodeid": 8,
            "trunk": false,
            "description": "09001A11-GigabitEthernet6/0/1_to_09001B13-xe0/4/0 -- 09001B13-xe0/4/0_To_09001A11-GigabitEthernet6/0/1",
            "bandwidth": "10G - 10G",
            "duplexity": "Full-dpx",
            "media": "fiber - fiber",
            "subnet": "10.218.1.64/30",
            "other_1": "",
            "other_2": "",
            "other_3": "",
            "other_4": "",
            "other_5": "",
            "other_6": "",
            "other_7": "",
            "other_8": "",
            "other_9": "",
            "other_10": ""
        },
        {
            "connectionid": 1,
            "startnodeid": 0,
            "endnodeid": 9,
            "trunk": false,
            "description": "09001A11-xe6/0/10_To_01169C21-xe0/4/0 -- 01169C21-xe0/4/0_To_09001A11-xe6/0/10",
            "bandwidth": "10G - 10G",
            "duplexity": "Full-dpx",
            "media": "fiber - fiber",
            "subnet": "10.218.96.116/30",
            "other_1": "",
            "other_2": "",
            "other_3": "",
            "other_4": "",
            "other_5": "",
            "other_6": "",
            "other_7": "",
            "other_8": "",
            "other_9": "",
            "other_10": ""
        },
        {
            "connectionid": 1,
            "startnodeid": 0,
            "endnodeid": 10,
            "trunk": false,
            "description": "09001A11-xe6/0/6_To_01276B21-xe0/4/0 -- 01276B21-xe0/4/0_To_09001A11-xe6/0/6",
            "bandwidth": "10G - 10G",
            "duplexity": "Full-dpx",
            "media": "fiber - fiber",
            "subnet": "10.218.97.8/30",
            "other_1": "",
            "other_2": "",
            "other_3": "",
            "other_4": "",
            "other_5": "",
            "other_6": "",
            "other_7": "",
            "other_8": "",
            "other_9": "",
            "other_10": ""
        },
        {
            "connectionid": 1,
            "startnodeid": 0,
            "endnodeid": 11,
            "trunk": false,
            "description": "09001A11-xe6/0/7_To_01207B21-xe0/4/0 -- 01207B21-xe0/4/0_To_09001A11-xe6/0/7",
            "bandwidth": "10G - 10G",
            "duplexity": "Full-dpx",
            "media": "fiber - fiber",
            "subnet": "10.218.97.64/30",
            "other_1": "",
            "other_2": "",
            "other_3": "",
            "other_4": "",
            "other_5": "",
            "other_6": "",
            "other_7": "",
            "other_8": "",
            "other_9": "",
            "other_10": ""
        },
        {
            "connectionid": 1,
            "startnodeid": 0,
            "endnodeid": 12,
            "trunk": false,
            "description": "09001A11-xe6/0/8_To_01110B21-xe0/4/0 -- 01110B21-xe0/4/0_To_09001A11-xe6/0/8",
            "bandwidth": "10G - 10G",
            "duplexity": "Full-dpx",
            "media": "fiber - fiber",
            "subnet": "10.218.97.44/30",
            "other_1": "",
            "other_2": "",
            "other_3": "",
            "other_4": "",
            "other_5": "",
            "other_6": "",
            "other_7": "",
            "other_8": "",
            "other_9": "",
            "other_10": ""
        },
        {
            "connectionid": 1,
            "startnodeid": 0,
            "endnodeid": 13,
            "trunk": false,
            "description": "09001A11-xe6/0/9_To_01096C21-xe0/4/0 -- 01096C21-xe0/4/0_To_09001A11-xe6/0/9",
            "bandwidth": "10G - 10G",
            "duplexity": "Full-dpx",
            "media": "fiber - fiber",
            "subnet": "10.218.96.156/30",
            "other_1": "",
            "other_2": "",
            "other_3": "",
            "other_4": "",
            "other_5": "",
            "other_6": "",
            "other_7": "",
            "other_8": "",
            "other_9": "",
            "other_10": ""
        },
        {
            "connectionid": 1,
            "startnodeid": 0,
            "endnodeid": 14,
            "trunk": false,
            "description": "09001A11-xe7/0/0_To_01186C21-xe0/4/0 -- 01186C21-xe0/4/0_To_09001A11-xe7/0/0",
            "bandwidth": "10G - 10G",
            "duplexity": "Full-dpx",
            "media": "fiber - fiber",
            "subnet": "10.218.96.80/30",
            "other_1": "",
            "other_2": "",
            "other_3": "",
            "other_4": "",
            "other_5": "",
            "other_6": "",
            "other_7": "",
            "other_8": "",
            "other_9": "",
            "other_10": ""
        },
        {
            "connectionid": 1,
            "startnodeid": 0,
            "endnodeid": 15,
            "trunk": false,
            "description": "09001A11-xe7/0/1_to_09001B14-xe0/3/0 -- 09001B14-xe0/3/0_To_09001A11-xe7/0/1",
            "bandwidth": "10G - 10G",
            "duplexity": "Full-dpx",
            "media": "fiber - fiber",
            "subnet": "10.218.1.72/30",
            "other_1": "",
            "other_2": "",
            "other_3": "",
            "other_4": "",
            "other_5": "",
            "other_6": "",
            "other_7": "",
            "other_8": "",
            "other_9": "",
            "other_10": ""
        },
        {
            "connectionid": 1,
            "startnodeid": 0,
            "endnodeid": 16,
            "trunk": false,
            "description": "09001A11-xe7/0/5_To_01160C21-xe0/4/0 -- 01160C21-xe0/4/0_To_09001A11-xe7/0/5",
            "bandwidth": "10G - 10G",
            "duplexity": "Full-dpx",
            "media": "fiber - fiber",
            "subnet": "10.218.98.192/30",
            "other_1": "",
            "other_2": "",
            "other_3": "",
            "other_4": "",
            "other_5": "",
            "other_6": "",
            "other_7": "",
            "other_8": "",
            "other_9": "",
            "other_10": ""
        },
        {
            "connectionid": 15,
            "startnodeid": 1,
            "endnodeid": 4,
            "trunk": false,
            "description": "09001A12-ge3/1/20_To_09001BR2-ge0/1/7 -- 09001BR2-ge0/1/7_To_09001A12-ge2/1/23",
            "bandwidth": "1G - 1G",
            "duplexity": "Full-dpx",
            "media": "fiber - fiber",
            "subnet": "10.218.1.200/30",
            "other_1": "",
            "other_2": "",
            "other_3": "",
            "other_4": "",
            "other_5": "",
            "other_6": "",
            "other_7": "",
            "other_8": "",
            "other_9": "",
            "other_10": ""
        },
        {
            "connectionid": 15,
            "startnodeid": 1,
            "endnodeid": 3,
            "trunk": false,
            "description": "09001A12-ge3/1/23_To_09001BR1-ge0/1/8 -- 09001BR1-ge0/1/8_To_09001A12-ge3/1/23",
            "bandwidth": "1G - 1G",
            "duplexity": "Full-dpx",
            "media": "fiber - fiber",
            "subnet": "10.218.1.192/30",
            "other_1": "",
            "other_2": "",
            "other_3": "",
            "other_4": "",
            "other_5": "",
            "other_6": "",
            "other_7": "",
            "other_8": "",
            "other_9": "",
            "other_10": ""
        },
        {
            "connectionid": 15,
            "startnodeid": 1,
            "endnodeid": 6,
            "trunk": false,
            "description": "09001A12-xe4/1/0_To_09001G21-xe0/2/4 -- 09001G21-xe0/2/4_To_09001A12-xe4/1/0",
            "bandwidth": "10G - 10G",
            "duplexity": "Full-dpx",
            "media": "fiber - fiber",
            "subnet": "10.218.98.148/30",
            "other_1": "",
            "other_2": "",
            "other_3": "",
            "other_4": "",
            "other_5": "",
            "other_6": "",
            "other_7": "",
            "other_8": "",
            "other_9": "",
            "other_10": ""
        },
        {
            "connectionid": 15,
            "startnodeid": 1,
            "endnodeid": 15,
            "trunk": false,
            "description": "09001A12-xe6/0/1_To_09001B14-xe0/4/0 -- 09001B14-xe0/4/0_To_09001A12-xe6/0/1",
            "bandwidth": "10G - 10G",
            "duplexity": "Full-dpx",
            "media": "fiber - fiber",
            "subnet": "10.218.1.76/30",
            "other_1": "",
            "other_2": "",
            "other_3": "",
            "other_4": "",
            "other_5": "",
            "other_6": "",
            "other_7": "",
            "other_8": "",
            "other_9": "",
            "other_10": ""
        },
        {
            "connectionid": 15,
            "startnodeid": 1,
            "endnodeid": 8,
            "trunk": false,
            "description": "09001A11-GigabitEthernet6/0/1_to_09001B13-xe0/4/0 -- 09001B13-xe0/3/0_To_09001A12-GigabitEthernet7/0/1",
            "bandwidth": "10G - 10G",
            "duplexity": "Full-dpx",
            "media": "fiber - fiber",
            "subnet": "10.218.1.68/30",
            "other_1": "",
            "other_2": "",
            "other_3": "",
            "other_4": "",
            "other_5": "",
            "other_6": "",
            "other_7": "",
            "other_8": "",
            "other_9": "",
            "other_10": ""
        }
    ],
    "portlist": [
        {
            "connectionid": 1,
            "portid": "P1",
            "parentnodeid": 0,
            "portaggregation": "",
            "portadminstatus": "UP",
            "portstatus": "UP",
            "portposition": "E",
            "portdescription": "09001A11-ce4/0/1_To_09001A12-ce4/0/1",
            "portdata": "100GE4/0/1",
            "portip": "",
            "portmac": "9c52-f84d-da31",
            "portvlan": "",
            "neinodeid": 1,
            "other_1": "",
            "other_2": "",
            "other_3": "",
            "other_4": "",
            "other_5": "",
            "other_6": "",
            "other_7": "",
            "other_8": "",
            "other_9": "",
            "other_10": ""
        },
        {
            "connectionid": 2,
            "portid": "P1",
            "parentnodeid": 0,
            "portaggregation": "100GE4/0/1",
            "portadminstatus": "UP",
            "portstatus": "UP",
            "portposition": "N",
            "portdescription": "09001A11-Eth-Trunk1_To_09001A12-Eth-Trunk1",
            "portdata": "Eth-Trunk1",
            "portip": "10.218.0.1/30",
            "portmac": "3c78-435c-c441",
            "portvlan": "",
            "neinodeid": 1,
            "other_1": "",
            "other_2": "",
            "other_3": "",
            "other_4": "",
            "other_5": "",
            "other_6": "",
            "other_7": "",
            "other_8": "",
            "other_9": "",
            "other_10": ""
        },
        {
            "connectionid": 12,
            "portid": "P3",
            "parentnodeid": 0,
            "portaggregation": "GigabitEthernet3/0/0 GigabitEthernet3/0/1 GigabitEthernet4/1/10 GigabitEthernet4/1/11",
            "portadminstatus": "UP",
            "portstatus": "UP",
            "portposition": "S",
            "portdescription": "09001A11-Eth-Trunk2_To_09002A12-Eth-Trunk2",
            "portdata": "Eth-Trunk2",
            "portip": "10.218.0.5/30",
            "portmac": "3c78-435c-c441",
            "portvlan": "",
            "neinodeid": 2,
            "other_1": "",
            "other_2": "",
            "other_3": "",
            "other_4": "",
            "other_5": "",
            "other_6": "",
            "other_7": "",
            "other_8": "",
            "other_9": "",
            "other_10": ""
        },
        {
            "connectionid": 8,
            "portid": "P5",
            "parentnodeid": 0,
            "portaggregation": "",
            "portadminstatus": "UP",
            "portstatus": "UP",
            "portposition": "E",
            "portdescription": "09001A11-xe3/0/0_To_09002A12-xe3/0/0",
            "portdata": "GigabitEthernet3/0/0",
            "portip": "",
            "portmac": "f898-efa3-f435",
            "portvlan": "",
            "neinodeid": 2,
            "other_1": "",
            "other_2": "",
            "other_3": "",
            "other_4": "",
            "other_5": "",
            "other_6": "",
            "other_7": "",
            "other_8": "",
            "other_9": "",
            "other_10": ""
        },
        {
            "connectionid": 9,
            "portid": "P1",
            "parentnodeid": 0,
            "portaggregation": "",
            "portadminstatus": "UP",
            "portstatus": "UP",
            "portposition": "S",
            "portdescription": "09001A11-xe3/0/1_To_09002A12-xe3/0/1",
            "portdata": "GigabitEthernet3/0/1",
            "portip": "",
            "portmac": "f898-efa3-f436",
            "portvlan": "",
            "neinodeid": 2,
            "other_1": "",
            "other_2": "",
            "other_3": "",
            "other_4": "",
            "other_5": "",
            "other_6": "",
            "other_7": "",
            "other_8": "",
            "other_9": "",
            "other_10": ""
        },
        {
            "connectionid": 1,
            "portid": "P1",
            "parentnodeid": 0,
            "portaggregation": "",
            "portadminstatus": "UP",
            "portstatus": "UP",
            "portposition": "E",
            "portdescription": "09001A11-ge3/1/20_To_09001BR1-ge0/1/7",
            "portdata": "GigabitEthernet3/1/20",
            "portip": "10.218.1.190/30",
            "portmac": "3ce8-248a-df19",
            "portvlan": "",
            "neinodeid": 3,
            "other_1": "",
            "other_2": "",
            "other_3": "",
            "other_4": "",
            "other_5": "",
            "other_6": "",
            "other_7": "",
            "other_8": "",
            "other_9": "",
            "other_10": ""
        },
        {
            "connectionid": 1,
            "portid": "P1",
            "parentnodeid": 0,
            "portaggregation": "",
            "portadminstatus": "UP",
            "portstatus": "UP",
            "portposition": "E",
            "portdescription": "09001A11-ge3/1/23_To_09001BR2-ge0/1/8",
            "portdata": "GigabitEthernet3/1/23",
            "portip": "10.218.1.198/30",
            "portmac": "3ce8-248a-df1c",
            "portvlan": "",
            "neinodeid": 4,
            "other_1": "",
            "other_2": "",
            "other_3": "",
            "other_4": "",
            "other_5": "",
            "other_6": "",
            "other_7": "",
            "other_8": "",
            "other_9": "",
            "other_10": ""
        },
        {
            "connectionid": 1,
            "portid": "P1",
            "parentnodeid": 0,
            "portaggregation": "",
            "portadminstatus": "UP",
            "portstatus": "UP",
            "portposition": "E",
            "portdescription": "09001A11-ge3/1/4_To_01071C21-ge0/4/0",
            "portdata": "GigabitEthernet3/1/4",
            "portip": "10.218.6.209/30",
            "portmac": "3ce8-248a-df09",
            "portvlan": "",
            "neinodeid": 5,
            "other_1": "",
            "other_2": "",
            "other_3": "",
            "other_4": "",
            "other_5": "",
            "other_6": "",
            "other_7": "",
            "other_8": "",
            "other_9": "",
            "other_10": ""
        },
        {
            "connectionid": 1,
            "portid": "P1",
            "parentnodeid": 0,
            "portaggregation": "",
            "portadminstatus": "UP",
            "portstatus": "UP",
            "portposition": "E",
            "portdescription": "09001A11-xe4/1/0_To_09001G21-gi0/2/0",
            "portdata": "GigabitEthernet4/1/0",
            "portip": "10.218.98.145/30",
            "portmac": "04fe-8d81-4356",
            "portvlan": "",
            "neinodeid": 6,
            "other_1": "",
            "other_2": "",
            "other_3": "",
            "other_4": "",
            "other_5": "",
            "other_6": "",
            "other_7": "",
            "other_8": "",
            "other_9": "",
            "other_10": ""
        },
        {
            "connectionid": 10,
            "portid": "P5",
            "parentnodeid": 0,
            "portaggregation": "",
            "portadminstatus": "UP",
            "portstatus": "UP",
            "portposition": "S",
            "portdescription": "09001A11-xe4/1/10_To_09002A12-xe1/0/10",
            "portdata": "GigabitEthernet4/1/10",
            "portip": "",
            "portmac": "04fe-8d81-4360",
            "portvlan": "",
            "neinodeid": 2,
            "other_1": "",
            "other_2": "",
            "other_3": "",
            "other_4": "",
            "other_5": "",
            "other_6": "",
            "other_7": "",
            "other_8": "",
            "other_9": "",
            "other_10": ""
        },
        {
            "connectionid": 11,
            "portid": "P3",
            "parentnodeid": 0,
            "portaggregation": "",
            "portadminstatus": "UP",
            "portstatus": "UP",
            "portposition": "E",
            "portdescription": "09001A11-xe4/1/11_To_09002A12-xe1/0/11",
            "portdata": "GigabitEthernet4/1/11",
            "portip": "",
            "portmac": "04fe-8d81-4361",
            "portvlan": "",
            "neinodeid": 2,
            "other_1": "",
            "other_2": "",
            "other_3": "",
            "other_4": "",
            "other_5": "",
            "other_6": "",
            "other_7": "",
            "other_8": "",
            "other_9": "",
            "other_10": ""
        },
        {
            "connectionid": 1,
            "portid": "P1",
            "parentnodeid": 0,
            "portaggregation": "",
            "portadminstatus": "UP",
            "portstatus": "UP",
            "portposition": "E",
            "portdescription": "09001A11-xe6/0/0_To_01256C21-xe0/3/0",
            "portdata": "GigabitEthernet6/0/0",
            "portip": "10.218.98.177/30",
            "portmac": "3ce8-2467-d979",
            "portvlan": "",
            "neinodeid": 7,
            "other_1": "",
            "other_2": "",
            "other_3": "",
            "other_4": "",
            "other_5": "",
            "other_6": "",
            "other_7": "",
            "other_8": "",
            "other_9": "",
            "other_10": ""
        },
        {
            "connectionid": 1,
            "portid": "P1",
            "parentnodeid": 0,
            "portaggregation": "",
            "portadminstatus": "UP",
            "portstatus": "UP",
            "portposition": "E",
            "portdescription": "09001A11-GigabitEthernet6/0/1_to_09001B13-xe0/4/0",
            "portdata": "GigabitEthernet6/0/1",
            "portip": "10.218.1.66/30",
            "portmac": "3ce8-2467-d97a",
            "portvlan": "",
            "neinodeid": 8,
            "other_1": "",
            "other_2": "",
            "other_3": "",
            "other_4": "",
            "other_5": "",
            "other_6": "",
            "other_7": "",
            "other_8": "",
            "other_9": "",
            "other_10": ""
        },
        {
            "connectionid": 1,
            "portid": "P1",
            "parentnodeid": 0,
            "portaggregation": "",
            "portadminstatus": "UP",
            "portstatus": "UP",
            "portposition": "E",
            "portdescription": "09001A11-xe6/0/10_To_01169C21-xe0/4/0",
            "portdata": "GigabitEthernet6/0/10",
            "portip": "10.218.96.117/30",
            "portmac": "3ce8-2467-d983",
            "portvlan": "",
            "neinodeid": 9,
            "other_1": "",
            "other_2": "",
            "other_3": "",
            "other_4": "",
            "other_5": "",
            "other_6": "",
            "other_7": "",
            "other_8": "",
            "other_9": "",
            "other_10": ""
        },
        {
            "connectionid": 1,
            "portid": "P1",
            "parentnodeid": 0,
            "portaggregation": "",
            "portadminstatus": "UP",
            "portstatus": "UP",
            "portposition": "E",
            "portdescription": "09001A11-xe6/0/6_To_01276B21-xe0/4/0",
            "portdata": "GigabitEthernet6/0/6",
            "portip": "10.218.97.9/30",
            "portmac": "3ce8-2467-d97f",
            "portvlan": "",
            "neinodeid": 10,
            "other_1": "",
            "other_2": "",
            "other_3": "",
            "other_4": "",
            "other_5": "",
            "other_6": "",
            "other_7": "",
            "other_8": "",
            "other_9": "",
            "other_10": ""
        },
        {
            "connectionid": 1,
            "portid": "P1",
            "parentnodeid": 0,
            "portaggregation": "",
            "portadminstatus": "UP",
            "portstatus": "UP",
            "portposition": "E",
            "portdescription": "09001A11-xe6/0/7_To_01207B21-xe0/4/0",
            "portdata": "GigabitEthernet6/0/7",
            "portip": "10.218.97.65/30",
            "portmac": "3ce8-2467-d980",
            "portvlan": "",
            "neinodeid": 11,
            "other_1": "",
            "other_2": "",
            "other_3": "",
            "other_4": "",
            "other_5": "",
            "other_6": "",
            "other_7": "",
            "other_8": "",
            "other_9": "",
            "other_10": ""
        },
        {
            "connectionid": 1,
            "portid": "P1",
            "parentnodeid": 0,
            "portaggregation": "",
            "portadminstatus": "UP",
            "portstatus": "UP",
            "portposition": "E",
            "portdescription": "09001A11-xe6/0/8_To_01110B21-xe0/4/0",
            "portdata": "GigabitEthernet6/0/8",
            "portip": "10.218.97.45/30",
            "portmac": "3ce8-2467-d981",
            "portvlan": "",
            "neinodeid": 12,
            "other_1": "",
            "other_2": "",
            "other_3": "",
            "other_4": "",
            "other_5": "",
            "other_6": "",
            "other_7": "",
            "other_8": "",
            "other_9": "",
            "other_10": ""
        },
        {
            "connectionid": 1,
            "portid": "P1",
            "parentnodeid": 0,
            "portaggregation": "",
            "portadminstatus": "UP",
            "portstatus": "UP",
            "portposition": "E",
            "portdescription": "09001A11-xe6/0/9_To_01096C21-xe0/4/0",
            "portdata": "GigabitEthernet6/0/9",
            "portip": "10.218.96.157/30",
            "portmac": "3ce8-2467-d982",
            "portvlan": "",
            "neinodeid": 13,
            "other_1": "",
            "other_2": "",
            "other_3": "",
            "other_4": "",
            "other_5": "",
            "other_6": "",
            "other_7": "",
            "other_8": "",
            "other_9": "",
            "other_10": ""
        },
        {
            "connectionid": 1,
            "portid": "P1",
            "parentnodeid": 0,
            "portaggregation": "",
            "portadminstatus": "UP",
            "portstatus": "UP",
            "portposition": "E",
            "portdescription": "09001A11-xe7/0/0_To_01186C21-xe0/4/0",
            "portdata": "GigabitEthernet7/0/0",
            "portip": "10.218.96.81/30",
            "portmac": "3ce8-249a-3b57",
            "portvlan": "",
            "neinodeid": 14,
            "other_1": "",
            "other_2": "",
            "other_3": "",
            "other_4": "",
            "other_5": "",
            "other_6": "",
            "other_7": "",
            "other_8": "",
            "other_9": "",
            "other_10": ""
        },
        {
            "connectionid": 1,
            "portid": "P1",
            "parentnodeid": 0,
            "portaggregation": "",
            "portadminstatus": "UP",
            "portstatus": "UP",
            "portposition": "E",
            "portdescription": "09001A11-xe7/0/1_to_09001B14-xe0/3/0",
            "portdata": "GigabitEthernet7/0/1",
            "portip": "10.218.1.74/30",
            "portmac": "3ce8-249a-3b58",
            "portvlan": "",
            "neinodeid": 15,
            "other_1": "",
            "other_2": "",
            "other_3": "",
            "other_4": "",
            "other_5": "",
            "other_6": "",
            "other_7": "",
            "other_8": "",
            "other_9": "",
            "other_10": ""
        },
        {
            "connectionid": 1,
            "portid": "P1",
            "parentnodeid": 0,
            "portaggregation": "",
            "portadminstatus": "UP",
            "portstatus": "UP",
            "portposition": "E",
            "portdescription": "09001A11-xe7/0/5_To_01160C21-xe0/4/0",
            "portdata": "GigabitEthernet7/0/5",
            "portip": "10.218.98.193/30",
            "portmac": "3ce8-249a-3b5c",
            "portvlan": "",
            "neinodeid": 16,
            "other_1": "",
            "other_2": "",
            "other_3": "",
            "other_4": "",
            "other_5": "",
            "other_6": "",
            "other_7": "",
            "other_8": "",
            "other_9": "",
            "other_10": ""
        },
        {
            "connectionid": 1,
            "portid": "P1",
            "parentnodeid": 1,
            "portaggregation": "",
            "portadminstatus": "UP",
            "portstatus": "UP",
            "portposition": "W",
            "portdescription": "09001A12-ce4/0/1_To_09001A11-ce4/0/1",
            "portdata": "100GE4/0/1",
            "portip": "",
            "portmac": "d4b1-1036-832b",
            "portvlan": "",
            "neinodeid": 0,
            "other_1": "",
            "other_2": "",
            "other_3": "",
            "other_4": "",
            "other_5": "",
            "other_6": "",
            "other_7": "",
            "other_8": "",
            "other_9": "",
            "other_10": ""
        },
        {
            "connectionid": 2,
            "portid": "P4",
            "parentnodeid": 1,
            "portaggregation": "100GE4/0/1",
            "portadminstatus": "UP",
            "portstatus": "UP",
            "portposition": "W",
            "portdescription": "09001A12-Eth-Trunk1_To_09001A11-Eth-Trunk1",
            "portdata": "Eth-Trunk1",
            "portip": "10.218.0.2/30",
            "portmac": "3c78-435c-c461",
            "portvlan": "",
            "neinodeid": 0,
            "other_1": "",
            "other_2": "",
            "other_3": "",
            "other_4": "",
            "other_5": "",
            "other_6": "",
            "other_7": "",
            "other_8": "",
            "other_9": "",
            "other_10": ""
        },
        {
            "connectionid": 15,
            "portid": "P1",
            "parentnodeid": 1,
            "portaggregation": "",
            "portadminstatus": "UP",
            "portstatus": "UP",
            "portposition": "S",
            "portdescription": "09001A12-ge3/1/20_To_09001BR2-ge0/1/7",
            "portdata": "GigabitEthernet3/1/20",
            "portip": "10.218.1.202/30",
            "portmac": "3ce8-248a-ead1",
            "portvlan": "",
            "neinodeid": 4,
            "other_1": "",
            "other_2": "",
            "other_3": "",
            "other_4": "",
            "other_5": "",
            "other_6": "",
            "other_7": "",
            "other_8": "",
            "other_9": "",
            "other_10": ""
        },
        {
            "connectionid": 15,
            "portid": "P1",
            "parentnodeid": 1,
            "portaggregation": "",
            "portadminstatus": "UP",
            "portstatus": "UP",
            "portposition": "S",
            "portdescription": "09001A12-ge3/1/23_To_09001BR1-ge0/1/8",
            "portdata": "GigabitEthernet3/1/23",
            "portip": "10.218.1.194/30",
            "portmac": "3ce8-248a-ead4",
            "portvlan": "",
            "neinodeid": 3,
            "other_1": "",
            "other_2": "",
            "other_3": "",
            "other_4": "",
            "other_5": "",
            "other_6": "",
            "other_7": "",
            "other_8": "",
            "other_9": "",
            "other_10": ""
        },
        {
            "connectionid": 15,
            "portid": "P1",
            "parentnodeid": 1,
            "portaggregation": "",
            "portadminstatus": "UP",
            "portstatus": "UP",
            "portposition": "S",
            "portdescription": "09001A12-xe4/1/0_To_09001G21-xe0/2/4",
            "portdata": "GigabitEthernet4/1/0",
            "portip": "10.218.98.150/30",
            "portmac": "04fe-8d81-442e",
            "portvlan": "",
            "neinodeid": 6,
            "other_1": "",
            "other_2": "",
            "other_3": "",
            "other_4": "",
            "other_5": "",
            "other_6": "",
            "other_7": "",
            "other_8": "",
            "other_9": "",
            "other_10": ""
        },
        {
            "connectionid": 15,
            "portid": "P1",
            "parentnodeid": 1,
            "portaggregation": "",
            "portadminstatus": "UP",
            "portstatus": "UP",
            "portposition": "S",
            "portdescription": "09001A12-xe6/0/1_To_09001B14-xe0/4/0",
            "portdata": "GigabitEthernet6/0/1",
            "portip": "10.218.1.78/30",
            "portmac": "3ce8-2467-dabe",
            "portvlan": "",
            "neinodeid": 15,
            "other_1": "",
            "other_2": "",
            "other_3": "",
            "other_4": "",
            "other_5": "",
            "other_6": "",
            "other_7": "",
            "other_8": "",
            "other_9": "",
            "other_10": ""
        },
        {
            "connectionid": 15,
            "portid": "P1",
            "parentnodeid": 1,
            "portaggregation": "",
            "portadminstatus": "UP",
            "portstatus": "UP",
            "portposition": "S",
            "portdescription": "09001A11-GigabitEthernet6/0/1_to_09001B13-xe0/4/0",
            "portdata": "GigabitEthernet7/0/1",
            "portip": "10.218.1.70/30",
            "portmac": "3ce8-249a-3bac",
            "portvlan": "",
            "neinodeid": 8,
            "other_1": "",
            "other_2": "",
            "other_3": "",
            "other_4": "",
            "other_5": "",
            "other_6": "",
            "other_7": "",
            "other_8": "",
            "other_9": "",
            "other_10": ""
        },
        {
            "connectionid": 12,
            "portid": "P3",
            "parentnodeid": 2,
            "portaggregation": "GigabitEthernet1/0/10 GigabitEthernet1/0/11 GigabitEthernet3/0/0 GigabitEthernet3/0/1",
            "portadminstatus": "UP",
            "portstatus": "UP",
            "portposition": "W",
            "portdescription": "09002A12-Eth-Trunk2_To_09001A11-Eth-Trunk2",
            "portdata": "Eth-Trunk2",
            "portip": "10.218.0.6/30",
            "portmac": "3c78-435c-c561",
            "portvlan": "",
            "neinodeid": 0,
            "other_1": "",
            "other_2": "",
            "other_3": "",
            "other_4": "",
            "other_5": "",
            "other_6": "",
            "other_7": "",
            "other_8": "",
            "other_9": "",
            "other_10": ""
        },
        {
            "connectionid": 8,
            "portid": "P1",
            "parentnodeid": 2,
            "portaggregation": "",
            "portadminstatus": "UP",
            "portstatus": "UP",
            "portposition": "W",
            "portdescription": "09002A12-xe1/0/10_To_09001A11-xe4/1/10",
            "portdata": "GigabitEthernet1/0/10",
            "portip": "",
            "portmac": "f4a4-d60c-006b",
            "portvlan": "",
            "neinodeid": 0,
            "other_1": "",
            "other_2": "",
            "other_3": "",
            "other_4": "",
            "other_5": "",
            "other_6": "",
            "other_7": "",
            "other_8": "",
            "other_9": "",
            "other_10": ""
        },
        {
            "connectionid": 9,
            "portid": "P4",
            "parentnodeid": 2,
            "portaggregation": "",
            "portadminstatus": "UP",
            "portstatus": "UP",
            "portposition": "W",
            "portdescription": "09002A12-xe1/0/11_To_09001A11-xe4/1/11",
            "portdata": "GigabitEthernet1/0/11",
            "portip": "",
            "portmac": "f4a4-d60c-006c",
            "portvlan": "",
            "neinodeid": 0,
            "other_1": "",
            "other_2": "",
            "other_3": "",
            "other_4": "",
            "other_5": "",
            "other_6": "",
            "other_7": "",
            "other_8": "",
            "other_9": "",
            "other_10": ""
        },
        {
            "connectionid": 8,
            "portid": "P1",
            "parentnodeid": 2,
            "portaggregation": "",
            "portadminstatus": "UP",
            "portstatus": "UP",
            "portposition": "W",
            "portdescription": "09002A12-xe3/0/0_To_09001A11-xe3/0/0",
            "portdata": "GigabitEthernet3/0/0",
            "portip": "",
            "portmac": "f898-efa3-f425",
            "portvlan": "",
            "neinodeid": 0,
            "other_1": "",
            "other_2": "",
            "other_3": "",
            "other_4": "",
            "other_5": "",
            "other_6": "",
            "other_7": "",
            "other_8": "",
            "other_9": "",
            "other_10": ""
        },
        {
            "connectionid": 9,
            "portid": "P4",
            "parentnodeid": 2,
            "portaggregation": "",
            "portadminstatus": "UP",
            "portstatus": "UP",
            "portposition": "W",
            "portdescription": "09002A12-xe3/0/1_To_09001A11-xe3/0/1",
            "portdata": "GigabitEthernet3/0/1",
            "portip": "",
            "portmac": "f898-efa3-f426",
            "portvlan": "",
            "neinodeid": 0,
            "other_1": "",
            "other_2": "",
            "other_3": "",
            "other_4": "",
            "other_5": "",
            "other_6": "",
            "other_7": "",
            "other_8": "",
            "other_9": "",
            "other_10": ""
        },
        {
            "connectionid": 1,
            "portid": "P1",
            "parentnodeid": 3,
            "portaggregation": "",
            "portadminstatus": "UP",
            "portstatus": "UP",
            "portposition": "W",
            "portdescription": "09001BR1-ge0/1/7_To_09001A11-ge2/1/23",
            "portdata": "GigabitEthernet0/1/7",
            "portip": "10.218.1.189/30",
            "portmac": "68cc-6ecf-fa5e",
            "portvlan": "",
            "neinodeid": 0,
            "other_1": "",
            "other_2": "",
            "other_3": "",
            "other_4": "",
            "other_5": "",
            "other_6": "",
            "other_7": "",
            "other_8": "",
            "other_9": "",
            "other_10": ""
        },
        {
            "connectionid": 15,
            "portid": "P1",
            "parentnodeid": 3,
            "portaggregation": "",
            "portadminstatus": "UP",
            "portstatus": "UP",
            "portposition": "N",
            "portdescription": "09001BR1-ge0/1/8_To_09001A12-ge3/1/23",
            "portdata": "GigabitEthernet0/1/8",
            "portip": "10.218.1.193/30",
            "portmac": "68cc-6ecf-fa5f",
            "portvlan": "",
            "neinodeid": 1,
            "other_1": "",
            "other_2": "",
            "other_3": "",
            "other_4": "",
            "other_5": "",
            "other_6": "",
            "other_7": "",
            "other_8": "",
            "other_9": "",
            "other_10": ""
        },
        {
            "connectionid": 15,
            "portid": "P1",
            "parentnodeid": 4,
            "portaggregation": "",
            "portadminstatus": "UP",
            "portstatus": "UP",
            "portposition": "N",
            "portdescription": "09001BR2-ge0/1/7_To_09001A12-ge2/1/23",
            "portdata": "GigabitEthernet0/1/7",
            "portip": "10.218.1.201/30",
            "portmac": "2c55-d3fe-4708",
            "portvlan": "",
            "neinodeid": 1,
            "other_1": "",
            "other_2": "",
            "other_3": "",
            "other_4": "",
            "other_5": "",
            "other_6": "",
            "other_7": "",
            "other_8": "",
            "other_9": "",
            "other_10": ""
        },
        {
            "connectionid": 1,
            "portid": "P1",
            "parentnodeid": 4,
            "portaggregation": "",
            "portadminstatus": "UP",
            "portstatus": "UP",
            "portposition": "W",
            "portdescription": "09001BR2-ge0/1/8_To_09001A11-ge3/1/23",
            "portdata": "GigabitEthernet0/1/8",
            "portip": "10.218.1.197/30",
            "portmac": "2c55-d3fe-4709",
            "portvlan": "",
            "neinodeid": 0,
            "other_1": "",
            "other_2": "",
            "other_3": "",
            "other_4": "",
            "other_5": "",
            "other_6": "",
            "other_7": "",
            "other_8": "",
            "other_9": "",
            "other_10": ""
        },
        {
            "connectionid": 1,
            "portid": "P1",
            "parentnodeid": 5,
            "portaggregation": "",
            "portadminstatus": "UP",
            "portstatus": "UP",
            "portposition": "W",
            "portdescription": "01071C21-ge0/4/0_To_09001A11-ge2/1/8",
            "portdata": "GigabitEthernet0/4/0",
            "portip": "10.218.6.210/30",
            "portmac": "70fd-45e6-272e",
            "portvlan": "",
            "neinodeid": 0,
            "other_1": "",
            "other_2": "",
            "other_3": "",
            "other_4": "",
            "other_5": "",
            "other_6": "",
            "other_7": "",
            "other_8": "",
            "other_9": "",
            "other_10": ""
        },
        {
            "connectionid": 1,
            "portid": "P1",
            "parentnodeid": 6,
            "portaggregation": "",
            "portadminstatus": "UP",
            "portstatus": "UP",
            "portposition": "W",
            "portdescription": "09001G21-xe0/2/0_To_09001A11-xe4/1/0",
            "portdata": "GigabitEthernet0/2/0",
            "portip": "10.218.98.146/30",
            "portmac": "30fd-6507-694e",
            "portvlan": "",
            "neinodeid": 0,
            "other_1": "",
            "other_2": "",
            "other_3": "",
            "other_4": "",
            "other_5": "",
            "other_6": "",
            "other_7": "",
            "other_8": "",
            "other_9": "",
            "other_10": ""
        },
        {
            "connectionid": 15,
            "portid": "P1",
            "parentnodeid": 6,
            "portaggregation": "",
            "portadminstatus": "UP",
            "portstatus": "UP",
            "portposition": "N",
            "portdescription": "09001G21-xe0/2/4_To_09001A12-xe4/1/0",
            "portdata": "GigabitEthernet0/2/4",
            "portip": "10.218.98.149/30",
            "portmac": "30fd-6507-6952",
            "portvlan": "",
            "neinodeid": 1,
            "other_1": "",
            "other_2": "",
            "other_3": "",
            "other_4": "",
            "other_5": "",
            "other_6": "",
            "other_7": "",
            "other_8": "",
            "other_9": "",
            "other_10": ""
        },
        {
            "connectionid": 1,
            "portid": "P1",
            "parentnodeid": 7,
            "portaggregation": "",
            "portadminstatus": "UP",
            "portstatus": "UP",
            "portposition": "W",
            "portdescription": "01256C21-xe0/3/0_To_09001A11-xe6/0/0",
            "portdata": "GigabitEthernet0/3/0",
            "portip": "10.218.98.178/30",
            "portmac": "10c3-ab85-bb91",
            "portvlan": "",
            "neinodeid": 0,
            "other_1": "",
            "other_2": "",
            "other_3": "",
            "other_4": "",
            "other_5": "",
            "other_6": "",
            "other_7": "",
            "other_8": "",
            "other_9": "",
            "other_10": ""
        },
        {
            "connectionid": 15,
            "portid": "P1",
            "parentnodeid": 8,
            "portaggregation": "",
            "portadminstatus": "UP",
            "portstatus": "UP",
            "portposition": "N",
            "portdescription": "09001B13-xe0/3/0_To_09001A12-GigabitEthernet7/0/1",
            "portdata": "GigabitEthernet0/3/0",
            "portip": "10.218.1.69/30",
            "portmac": "7c1c-f17f-0a95",
            "portvlan": "",
            "neinodeid": 1,
            "other_1": "",
            "other_2": "",
            "other_3": "",
            "other_4": "",
            "other_5": "",
            "other_6": "",
            "other_7": "",
            "other_8": "",
            "other_9": "",
            "other_10": ""
        },
        {
            "connectionid": 1,
            "portid": "P1",
            "parentnodeid": 8,
            "portaggregation": "",
            "portadminstatus": "UP",
            "portstatus": "UP",
            "portposition": "W",
            "portdescription": "09001B13-xe0/4/0_To_09001A11-GigabitEthernet6/0/1",
            "portdata": "GigabitEthernet0/4/0",
            "portip": "10.218.1.65/30",
            "portmac": "7c1c-f17f-0a7d",
            "portvlan": "",
            "neinodeid": 0,
            "other_1": "",
            "other_2": "",
            "other_3": "",
            "other_4": "",
            "other_5": "",
            "other_6": "",
            "other_7": "",
            "other_8": "",
            "other_9": "",
            "other_10": ""
        },
        {
            "connectionid": 1,
            "portid": "P1",
            "parentnodeid": 9,
            "portaggregation": "",
            "portadminstatus": "UP",
            "portstatus": "UP",
            "portposition": "W",
            "portdescription": "01169C21-xe0/4/0_To_09001A11-xe6/0/10",
            "portdata": "GigabitEthernet0/4/0",
            "portip": "10.218.96.118/30",
            "portmac": "70fd-45e6-267a",
            "portvlan": "",
            "neinodeid": 0,
            "other_1": "",
            "other_2": "",
            "other_3": "",
            "other_4": "",
            "other_5": "",
            "other_6": "",
            "other_7": "",
            "other_8": "",
            "other_9": "",
            "other_10": ""
        },
        {
            "connectionid": 1,
            "portid": "P1",
            "parentnodeid": 10,
            "portaggregation": "",
            "portadminstatus": "UP",
            "portstatus": "UP",
            "portposition": "W",
            "portdescription": "01276B21-xe0/4/0_To_09001A11-xe6/0/6",
            "portdata": "GigabitEthernet0/4/0",
            "portip": "10.218.97.10/30",
            "portmac": "b443-26ab-192b",
            "portvlan": "",
            "neinodeid": 0,
            "other_1": "",
            "other_2": "",
            "other_3": "",
            "other_4": "",
            "other_5": "",
            "other_6": "",
            "other_7": "",
            "other_8": "",
            "other_9": "",
            "other_10": ""
        },
        {
            "connectionid": 1,
            "portid": "P1",
            "parentnodeid": 11,
            "portaggregation": "",
            "portadminstatus": "UP",
            "portstatus": "UP",
            "portposition": "W",
            "portdescription": "01207B21-xe0/4/0_To_09001A11-xe6/0/7",
            "portdata": "GigabitEthernet0/4/0",
            "portip": "10.218.97.66/30",
            "portmac": "b443-26ab-19e7",
            "portvlan": "",
            "neinodeid": 0,
            "other_1": "",
            "other_2": "",
            "other_3": "",
            "other_4": "",
            "other_5": "",
            "other_6": "",
            "other_7": "",
            "other_8": "",
            "other_9": "",
            "other_10": ""
        },
        {
            "connectionid": 1,
            "portid": "P1",
            "parentnodeid": 12,
            "portaggregation": "",
            "portadminstatus": "UP",
            "portstatus": "UP",
            "portposition": "W",
            "portdescription": "01110B21-xe0/4/0_To_09001A11-xe6/0/8",
            "portdata": "GigabitEthernet0/4/0",
            "portip": "10.218.97.46/30",
            "portmac": "9835-edb3-cfa3",
            "portvlan": "",
            "neinodeid": 0,
            "other_1": "",
            "other_2": "",
            "other_3": "",
            "other_4": "",
            "other_5": "",
            "other_6": "",
            "other_7": "",
            "other_8": "",
            "other_9": "",
            "other_10": ""
        },
        {
            "connectionid": 1,
            "portid": "P1",
            "parentnodeid": 13,
            "portaggregation": "",
            "portadminstatus": "UP",
            "portstatus": "UP",
            "portposition": "W",
            "portdescription": "01096C21-xe0/4/0_To_09001A11-xe6/0/9",
            "portdata": "GigabitEthernet0/4/0",
            "portip": "10.218.96.158/30",
            "portmac": "70fd-45e6-387c",
            "portvlan": "",
            "neinodeid": 0,
            "other_1": "",
            "other_2": "",
            "other_3": "",
            "other_4": "",
            "other_5": "",
            "other_6": "",
            "other_7": "",
            "other_8": "",
            "other_9": "",
            "other_10": ""
        },
        {
            "connectionid": 1,
            "portid": "P1",
            "parentnodeid": 14,
            "portaggregation": "",
            "portadminstatus": "UP",
            "portstatus": "UP",
            "portposition": "W",
            "portdescription": "01186C21-xe0/4/0_To_09001A11-xe7/0/0",
            "portdata": "GigabitEthernet0/4/0",
            "portip": "10.218.96.82/30",
            "portmac": "70fd-45e6-2d78",
            "portvlan": "",
            "neinodeid": 0,
            "other_1": "",
            "other_2": "",
            "other_3": "",
            "other_4": "",
            "other_5": "",
            "other_6": "",
            "other_7": "",
            "other_8": "",
            "other_9": "",
            "other_10": ""
        },
        {
            "connectionid": 1,
            "portid": "P1",
            "parentnodeid": 15,
            "portaggregation": "",
            "portadminstatus": "UP",
            "portstatus": "UP",
            "portposition": "W",
            "portdescription": "09001B14-xe0/3/0_To_09001A11-xe7/0/1",
            "portdata": "GigabitEthernet0/3/0",
            "portip": "10.218.1.73/30",
            "portmac": "b443-26ab-16c8",
            "portvlan": "",
            "neinodeid": 0,
            "other_1": "",
            "other_2": "",
            "other_3": "",
            "other_4": "",
            "other_5": "",
            "other_6": "",
            "other_7": "",
            "other_8": "",
            "other_9": "",
            "other_10": ""
        },
        {
            "connectionid": 15,
            "portid": "P1",
            "parentnodeid": 15,
            "portaggregation": "",
            "portadminstatus": "UP",
            "portstatus": "UP",
            "portposition": "N",
            "portdescription": "09001B14-xe0/4/0_To_09001A12-xe6/0/1",
            "portdata": "GigabitEthernet0/4/0",
            "portip": "10.218.1.77/30",
            "portmac": "b443-26ab-16ec",
            "portvlan": "",
            "neinodeid": 1,
            "other_1": "",
            "other_2": "",
            "other_3": "",
            "other_4": "",
            "other_5": "",
            "other_6": "",
            "other_7": "",
            "other_8": "",
            "other_9": "",
            "other_10": ""
        },
        {
            "connectionid": 1,
            "portid": "P1",
            "parentnodeid": 16,
            "portaggregation": "",
            "portadminstatus": "UP",
            "portstatus": "UP",
            "portposition": "W",
            "portdescription": "01160C21-xe0/4/0_To_09001A11-xe7/0/5",
            "portdata": "GigabitEthernet0/4/0",
            "portip": "10.218.98.194/30",
            "portmac": "24a5-2cb5-751e",
            "portvlan": "",
            "neinodeid": 0,
            "other_1": "",
            "other_2": "",
            "other_3": "",
            "other_4": "",
            "other_5": "",
            "other_6": "",
            "other_7": "",
            "other_8": "",
            "other_9": "",
            "other_10": ""
        }
    ]
}